Airline,From,To,Source Airport,Destination Airport
Pinnacle Airlines,Atlanta,Minneapolis,ATL,MSP
Pinnacle Airlines,Minneapolis,Atlanta,MSP,ATL
American Airlines,Atlanta,Charlotte,ATL,CLT
American Airlines,Atlanta,Miami,ATL,MIA
American Airlines,Atlanta,Chicago,ATL,ORD
American Airlines,Atlanta,Philadelphia,ATL,PHL
American Airlines,Atlanta,Phoenix,ATL,PHX
American Airlines,Boston,Charlotte,BOS,CLT
American Airlines,Boston,Washington,BOS,DCA
American Airlines,Boston,Los Angeles,BOS,LAX
American Airlines,Boston,Miami,BOS,MIA
American Airlines,Boston,Chicago,BOS,ORD
American Airlines,Boston,Portland,BOS,PDX
American Airlines,Boston,Philadelphia,BOS,PHL
American Airlines,Boston,Phoenix,BOS,PHX
American Airlines,Boston,San Diego,BOS,SAN
American Airlines,Boston,Seattle,BOS,SEA
American Airlines,Baltimore,Charlotte,BWI,CLT
American Airlines,Baltimore,Miami,BWI,MIA
American Airlines,Baltimore,Chicago,BWI,ORD
American Airlines,Baltimore,Philadelphia,BWI,PHL
American Airlines,Baltimore,Phoenix,BWI,PHX
American Airlines,Charlotte,Atlanta,CLT,ATL
American Airlines,Charlotte,Boston,CLT,BOS
American Airlines,Charlotte,Baltimore,CLT,BWI
American Airlines,Charlotte,Washington,CLT,DCA
American Airlines,Charlotte,Denver,CLT,DEN
American Airlines,Charlotte,Detroit,CLT,DTW
American Airlines,Charlotte,Washington,CLT,IAD
American Airlines,Charlotte,Houston,CLT,IAH
American Airlines,Charlotte,Los Angeles,CLT,LAX
American Airlines,Charlotte,Orlando,CLT,MCO
American Airlines,Charlotte,Miami,CLT,MIA
American Airlines,Charlotte,Minneapolis,CLT,MSP
American Airlines,Charlotte,Chicago,CLT,ORD
American Airlines,Charlotte,Portland,CLT,PDX
American Airlines,Charlotte,Philadelphia,CLT,PHL
American Airlines,Charlotte,Phoenix,CLT,PHX
American Airlines,Charlotte,Portland,CLT,PWM
American Airlines,Charlotte,San Diego,CLT,SAN
American Airlines,Charlotte,San Antonio,CLT,SAT
American Airlines,Charlotte,Seattle,CLT,SEA
American Airlines,Charlotte,San Francisco,CLT,SFO
American Airlines,Charlotte,St. Louis,CLT,STL
American Airlines,Charlotte,Tampa,CLT,TPA
American Airlines,Washington,Boston,DCA,BOS
American Airlines,Washington,Charlotte,DCA,CLT
American Airlines,Washington,Detroit,DCA,DTW
American Airlines,Washington,Los Angeles,DCA,LAX
American Airlines,Washington,Orlando,DCA,MCO
American Airlines,Washington,Miami,DCA,MIA
American Airlines,Washington,Minneapolis,DCA,MSP
American Airlines,Washington,Chicago,DCA,ORD
American Airlines,Washington,Portland,DCA,PDX
American Airlines,Washington,Philadelphia,DCA,PHL
American Airlines,Washington,Phoenix,DCA,PHX
American Airlines,Washington,Portland,DCA,PWM
American Airlines,Washington,San Diego,DCA,SAN
American Airlines,Washington,St. Louis,DCA,STL
American Airlines,Washington,Tampa,DCA,TPA
American Airlines,Denver,Charlotte,DEN,CLT
American Airlines,Denver,Los Angeles,DEN,LAX
American Airlines,Denver,Miami,DEN,MIA
American Airlines,Denver,Chicago,DEN,ORD
American Airlines,Denver,Philadelphia,DEN,PHL
American Airlines,Denver,Phoenix,DEN,PHX
American Airlines,Denver,Seattle,DEN,SEA
American Airlines,Detroit,Charlotte,DTW,CLT
American Airlines,Detroit,Washington,DTW,DCA
American Airlines,Detroit,Miami,DTW,MIA
American Airlines,Detroit,Chicago,DTW,ORD
American Airlines,Detroit,Philadelphia,DTW,PHL
American Airlines,Detroit,Phoenix,DTW,PHX
American Airlines,Washington,Charlotte,IAD,CLT
American Airlines,Washington,Los Angeles,IAD,LAX
American Airlines,Washington,Miami,IAD,MIA
American Airlines,Houston,Charlotte,IAH,CLT
American Airlines,Houston,Los Angeles,IAH,LAX
American Airlines,Houston,Miami,IAH,MIA
American Airlines,Houston,Chicago,IAH,ORD
American Airlines,Houston,Philadelphia,IAH,PHL
American Airlines,Houston,Phoenix,IAH,PHX
American Airlines,Los Angeles,Boston,LAX,BOS
American Airlines,Los Angeles,Charlotte,LAX,CLT
American Airlines,Los Angeles,Washington,LAX,DCA
American Airlines,Los Angeles,Denver,LAX,DEN
American Airlines,Los Angeles,Washington,LAX,IAD
American Airlines,Los Angeles,Houston,LAX,IAH
American Airlines,Los Angeles,Orlando,LAX,MCO
American Airlines,Los Angeles,Miami,LAX,MIA
American Airlines,Los Angeles,Chicago,LAX,ORD
American Airlines,Los Angeles,Portland,LAX,PDX
American Airlines,Los Angeles,Philadelphia,LAX,PHL
American Airlines,Los Angeles,Phoenix,LAX,PHX
American Airlines,Los Angeles,San Diego,LAX,SAN
American Airlines,Los Angeles,Seattle,LAX,SEA
American Airlines,Los Angeles,San Francisco,LAX,SFO
American Airlines,Los Angeles,St. Louis,LAX,STL
American Airlines,Orlando,Charlotte,MCO,CLT
American Airlines,Orlando,Washington,MCO,DCA
American Airlines,Orlando,Los Angeles,MCO,LAX
American Airlines,Orlando,Miami,MCO,MIA
American Airlines,Orlando,Chicago,MCO,ORD
American Airlines,Orlando,Philadelphia,MCO,PHL
American Airlines,Orlando,Phoenix,MCO,PHX
American Airlines,Orlando,San Diego,MCO,SAN
American Airlines,Orlando,Seattle,MCO,SEA
American Airlines,Miami,Atlanta,MIA,ATL
American Airlines,Miami,Boston,MIA,BOS
American Airlines,Miami,Baltimore,MIA,BWI
American Airlines,Miami,Charlotte,MIA,CLT
American Airlines,Miami,Washington,MIA,DCA
American Airlines,Miami,Denver,MIA,DEN
American Airlines,Miami,Detroit,MIA,DTW
American Airlines,Miami,Washington,MIA,IAD
American Airlines,Miami,Houston,MIA,IAH
American Airlines,Miami,Los Angeles,MIA,LAX
American Airlines,Miami,Orlando,MIA,MCO
American Airlines,Miami,Minneapolis,MIA,MSP
American Airlines,Miami,Chicago,MIA,ORD
American Airlines,Miami,Philadelphia,MIA,PHL
American Airlines,Miami,Phoenix,MIA,PHX
American Airlines,Miami,San Diego,MIA,SAN
American Airlines,Miami,Seattle,MIA,SEA
American Airlines,Miami,San Francisco,MIA,SFO
American Airlines,Miami,St. Louis,MIA,STL
American Airlines,Miami,Tampa,MIA,TPA
American Airlines,Minneapolis,Charlotte,MSP,CLT
American Airlines,Minneapolis,Washington,MSP,DCA
American Airlines,Minneapolis,Miami,MSP,MIA
American Airlines,Minneapolis,Chicago,MSP,ORD
American Airlines,Minneapolis,Philadelphia,MSP,PHL
American Airlines,Minneapolis,Phoenix,MSP,PHX
American Airlines,Chicago,Atlanta,ORD,ATL
American Airlines,Chicago,Boston,ORD,BOS
American Airlines,Chicago,Baltimore,ORD,BWI
American Airlines,Chicago,Charlotte,ORD,CLT
American Airlines,Chicago,Washington,ORD,DCA
American Airlines,Chicago,Denver,ORD,DEN
American Airlines,Chicago,Detroit,ORD,DTW
American Airlines,Chicago,Houston,ORD,IAH
American Airlines,Chicago,Los Angeles,ORD,LAX
American Airlines,Chicago,Orlando,ORD,MCO
American Airlines,Chicago,Miami,ORD,MIA
American Airlines,Chicago,Minneapolis,ORD,MSP
American Airlines,Chicago,Portland,ORD,PDX
American Airlines,Chicago,Philadelphia,ORD,PHL
American Airlines,Chicago,Phoenix,ORD,PHX
American Airlines,Chicago,San Diego,ORD,SAN
American Airlines,Chicago,San Antonio,ORD,SAT
American Airlines,Chicago,Seattle,ORD,SEA
American Airlines,Chicago,San Francisco,ORD,SFO
American Airlines,Chicago,St. Louis,ORD,STL
American Airlines,Chicago,Tampa,ORD,TPA
American Airlines,Portland,Boston,PDX,BOS
American Airlines,Portland,Charlotte,PDX,CLT
American Airlines,Portland,Washington,PDX,DCA
American Airlines,Portland,Los Angeles,PDX,LAX
American Airlines,Portland,Chicago,PDX,ORD
American Airlines,Portland,Philadelphia,PDX,PHL
American Airlines,Portland,Phoenix,PDX,PHX
American Airlines,Portland,San Diego,PDX,SAN
American Airlines,Portland,San Francisco,PDX,SFO
American Airlines,Philadelphia,Atlanta,PHL,ATL
American Airlines,Philadelphia,Boston,PHL,BOS
American Airlines,Philadelphia,Baltimore,PHL,BWI
American Airlines,Philadelphia,Charlotte,PHL,CLT
American Airlines,Philadelphia,Washington,PHL,DCA
American Airlines,Philadelphia,Denver,PHL,DEN
American Airlines,Philadelphia,Detroit,PHL,DTW
American Airlines,Philadelphia,Houston,PHL,IAH
American Airlines,Philadelphia,Los Angeles,PHL,LAX
American Airlines,Philadelphia,Orlando,PHL,MCO
American Airlines,Philadelphia,Miami,PHL,MIA
American Airlines,Philadelphia,Minneapolis,PHL,MSP
American Airlines,Philadelphia,Chicago,PHL,ORD
American Airlines,Philadelphia,Portland,PHL,PDX
American Airlines,Philadelphia,Phoenix,PHL,PHX
American Airlines,Philadelphia,Portland,PHL,PWM
American Airlines,Philadelphia,San Diego,PHL,SAN
American Airlines,Philadelphia,San Antonio,PHL,SAT
American Airlines,Philadelphia,Seattle,PHL,SEA
American Airlines,Philadelphia,San Francisco,PHL,SFO
American Airlines,Philadelphia,St. Louis,PHL,STL
American Airlines,Philadelphia,Tampa,PHL,TPA
American Airlines,Phoenix,Atlanta,PHX,ATL
American Airlines,Phoenix,Boston,PHX,BOS
American Airlines,Phoenix,Baltimore,PHX,BWI
American Airlines,Phoenix,Charlotte,PHX,CLT
American Airlines,Phoenix,Washington,PHX,DCA
American Airlines,Phoenix,Denver,PHX,DEN
American Airlines,Phoenix,Detroit,PHX,DTW
American Airlines,Phoenix,Houston,PHX,IAH
American Airlines,Phoenix,Los Angeles,PHX,LAX
American Airlines,Phoenix,Orlando,PHX,MCO
American Airlines,Phoenix,Miami,PHX,MIA
American Airlines,Phoenix,Minneapolis,PHX,MSP
American Airlines,Phoenix,Chicago,PHX,ORD
American Airlines,Phoenix,Portland,PHX,PDX
American Airlines,Phoenix,Philadelphia,PHX,PHL
American Airlines,Phoenix,San Diego,PHX,SAN
American Airlines,Phoenix,San Antonio,PHX,SAT
American Airlines,Phoenix,Seattle,PHX,SEA
American Airlines,Phoenix,San Francisco,PHX,SFO
American Airlines,Phoenix,St. Louis,PHX,STL
American Airlines,Phoenix,Tampa,PHX,TPA
American Airlines,San Diego,Boston,SAN,BOS
American Airlines,San Diego,Charlotte,SAN,CLT
American Airlines,San Diego,Washington,SAN,DCA
American Airlines,San Diego,Los Angeles,SAN,LAX
American Airlines,San Diego,Orlando,SAN,MCO
American Airlines,San Diego,Miami,SAN,MIA
American Airlines,San Diego,Chicago,SAN,ORD
American Airlines,San Diego,Portland,SAN,PDX
American Airlines,San Diego,Philadelphia,SAN,PHL
American Airlines,San Diego,Phoenix,SAN,PHX
American Airlines,San Diego,Seattle,SAN,SEA
American Airlines,San Antonio,Charlotte,SAT,CLT
American Airlines,San Antonio,Chicago,SAT,ORD
American Airlines,San Antonio,Philadelphia,SAT,PHL
American Airlines,San Antonio,Phoenix,SAT,PHX
American Airlines,Seattle,Boston,SEA,BOS
American Airlines,Seattle,Charlotte,SEA,CLT
American Airlines,Seattle,Denver,SEA,DEN
American Airlines,Seattle,Los Angeles,SEA,LAX
American Airlines,Seattle,Orlando,SEA,MCO
American Airlines,Seattle,Miami,SEA,MIA
American Airlines,Seattle,Chicago,SEA,ORD
American Airlines,Seattle,Philadelphia,SEA,PHL
American Airlines,Seattle,Phoenix,SEA,PHX
American Airlines,Seattle,San Diego,SEA,SAN
American Airlines,Seattle,San Francisco,SEA,SFO
American Airlines,Seattle,St. Louis,SEA,STL
American Airlines,San Francisco,Charlotte,SFO,CLT
American Airlines,San Francisco,Los Angeles,SFO,LAX
American Airlines,San Francisco,Miami,SFO,MIA
American Airlines,San Francisco,Chicago,SFO,ORD
American Airlines,San Francisco,Portland,SFO,PDX
American Airlines,San Francisco,Philadelphia,SFO,PHL
American Airlines,San Francisco,Phoenix,SFO,PHX
American Airlines,San Francisco,Seattle,SFO,SEA
American Airlines,St. Louis,Charlotte,STL,CLT
American Airlines,St. Louis,Washington,STL,DCA
American Airlines,St. Louis,Los Angeles,STL,LAX
American Airlines,St. Louis,Miami,STL,MIA
American Airlines,St. Louis,Chicago,STL,ORD
American Airlines,St. Louis,Philadelphia,STL,PHL
American Airlines,St. Louis,Phoenix,STL,PHX
American Airlines,St. Louis,Seattle,STL,SEA
American Airlines,Tampa,Charlotte,TPA,CLT
American Airlines,Tampa,Washington,TPA,DCA
American Airlines,Tampa,Miami,TPA,MIA
American Airlines,Tampa,Chicago,TPA,ORD
American Airlines,Tampa,Philadelphia,TPA,PHL
American Airlines,Tampa,Phoenix,TPA,PHX
Air Canada,Atlanta,Denver,ATL,DEN
Air Canada,Denver,Atlanta,DEN,ATL
Air France,Atlanta,Boston,ATL,BOS
Air France,Atlanta,Baltimore,ATL,BWI
Air France,Atlanta,Charlotte,ATL,CLT
Air France,Atlanta,Dallas,ATL,DAL
Air France,Atlanta,Washington,ATL,DCA
Air France,Atlanta,Denver,ATL,DEN
Air France,Atlanta,Detroit,ATL,DTW
Air France,Atlanta,Washington,ATL,IAD
Air France,Atlanta,Houston,ATL,IAH
Air France,Atlanta,Los Angeles,ATL,LAX
Air France,Atlanta,Orlando,ATL,MCO
Air France,Atlanta,Chicago,ATL,MDW
Air France,Atlanta,Miami,ATL,MIA
Air France,Atlanta,Minneapolis,ATL,MSP
Air France,Atlanta,Chicago,ATL,ORD
Air France,Atlanta,Portland,ATL,PDX
Air France,Atlanta,Philadelphia,ATL,PHL
Air France,Atlanta,Phoenix,ATL,PHX
Air France,Atlanta,Portland,ATL,PWM
Air France,Atlanta,San Diego,ATL,SAN
Air France,Atlanta,San Antonio,ATL,SAT
Air France,Atlanta,Seattle,ATL,SEA
Air France,Atlanta,San Francisco,ATL,SFO
Air France,Atlanta,St. Louis,ATL,STL
Air France,Atlanta,Tampa,ATL,TPA
Air France,Boston,Atlanta,BOS,ATL
Air France,Baltimore,Atlanta,BWI,ATL
Air France,Charlotte,Atlanta,CLT,ATL
Air France,Dallas,Atlanta,DAL,ATL
Air France,Washington,Atlanta,DCA,ATL
Air France,Denver,Atlanta,DEN,ATL
Air France,Detroit,Atlanta,DTW,ATL
Air France,Washington,Atlanta,IAD,ATL
Air France,Houston,Atlanta,IAH,ATL
Air France,Los Angeles,Atlanta,LAX,ATL
Air France,Los Angeles,Minneapolis,LAX,MSP
Air France,Orlando,Atlanta,MCO,ATL
Air France,Chicago,Atlanta,MDW,ATL
Air France,Miami,Atlanta,MIA,ATL
Air France,Minneapolis,Atlanta,MSP,ATL
Air France,Minneapolis,Los Angeles,MSP,LAX
Air France,Minneapolis,Seattle,MSP,SEA
Air France,Minneapolis,San Francisco,MSP,SFO
Air France,Chicago,Atlanta,ORD,ATL
Air France,Portland,Atlanta,PDX,ATL
Air France,Philadelphia,Atlanta,PHL,ATL
Air France,Phoenix,Atlanta,PHX,ATL
Air France,San Diego,Atlanta,SAN,ATL
Air France,San Antonio,Atlanta,SAT,ATL
Air France,Seattle,Atlanta,SEA,ATL
Air France,San Francisco,Atlanta,SFO,ATL
Air France,St. Louis,Atlanta,STL,ATL
Air France,Tampa,Atlanta,TPA,ATL
Aeromexico,Atlanta,Boston,ATL,BOS
Aeromexico,Atlanta,Baltimore,ATL,BWI
Aeromexico,Atlanta,Washington,ATL,DCA
Aeromexico,Atlanta,Denver,ATL,DEN
Aeromexico,Atlanta,Detroit,ATL,DTW
Aeromexico,Atlanta,Washington,ATL,IAD
Aeromexico,Atlanta,Orlando,ATL,MCO
Aeromexico,Atlanta,Miami,ATL,MIA
Aeromexico,Atlanta,Minneapolis,ATL,MSP
Aeromexico,Atlanta,Philadelphia,ATL,PHL
Aeromexico,Atlanta,Seattle,ATL,SEA
Aeromexico,Atlanta,St. Louis,ATL,STL
Aeromexico,Boston,Atlanta,BOS,ATL
Aeromexico,Baltimore,Atlanta,BWI,ATL
Aeromexico,Washington,Atlanta,DCA,ATL
Aeromexico,Denver,Atlanta,DEN,ATL
Aeromexico,Detroit,Atlanta,DTW,ATL
Aeromexico,Washington,Atlanta,IAD,ATL
Aeromexico,Orlando,Atlanta,MCO,ATL
Aeromexico,Miami,Atlanta,MIA,ATL
Aeromexico,Minneapolis,Atlanta,MSP,ATL
Aeromexico,Philadelphia,Atlanta,PHL,ATL
Aeromexico,Seattle,Atlanta,SEA,ATL
Aeromexico,San Francisco,Atlanta,SFO,ATL
Aeromexico,St. Louis,Atlanta,STL,ATL
Aeromexico,Tampa,Atlanta,TPA,ATL
Alaska Airlines,Atlanta,Charlotte,ATL,CLT
Alaska Airlines,Atlanta,Los Angeles,ATL,LAX
Alaska Airlines,Atlanta,Miami,ATL,MIA
Alaska Airlines,Atlanta,Portland,ATL,PDX
Alaska Airlines,Atlanta,San Diego,ATL,SAN
Alaska Airlines,Atlanta,Seattle,ATL,SEA
Alaska Airlines,Boston,Los Angeles,BOS,LAX
Alaska Airlines,Boston,Portland,BOS,PDX
Alaska Airlines,Boston,San Diego,BOS,SAN
Alaska Airlines,Boston,Seattle,BOS,SEA
Alaska Airlines,Charlotte,Atlanta,CLT,ATL
Alaska Airlines,Washington,Los Angeles,DCA,LAX
Alaska Airlines,Washington,Portland,DCA,PDX
Alaska Airlines,Washington,Seattle,DCA,SEA
Alaska Airlines,Denver,Los Angeles,DEN,LAX
Alaska Airlines,Denver,Seattle,DEN,SEA
Alaska Airlines,Detroit,Portland,DTW,PDX
Alaska Airlines,Detroit,San Diego,DTW,SAN
Alaska Airlines,Houston,Los Angeles,IAH,LAX
Alaska Airlines,Houston,Seattle,IAH,SEA
Alaska Airlines,Los Angeles,Atlanta,LAX,ATL
Alaska Airlines,Los Angeles,Boston,LAX,BOS
Alaska Airlines,Los Angeles,Washington,LAX,DCA
Alaska Airlines,Los Angeles,Denver,LAX,DEN
Alaska Airlines,Los Angeles,Houston,LAX,IAH
Alaska Airlines,Los Angeles,Orlando,LAX,MCO
Alaska Airlines,Los Angeles,Miami,LAX,MIA
Alaska Airlines,Los Angeles,Chicago,LAX,ORD
Alaska Airlines,Los Angeles,Portland,LAX,PDX
Alaska Airlines,Los Angeles,Phoenix,LAX,PHX
Alaska Airlines,Los Angeles,San Diego,LAX,SAN
Alaska Airlines,Los Angeles,Seattle,LAX,SEA
Alaska Airlines,Los Angeles,San Francisco,LAX,SFO
Alaska Airlines,Los Angeles,St. Louis,LAX,STL
Alaska Airlines,Orlando,Los Angeles,MCO,LAX
Alaska Airlines,Orlando,San Diego,MCO,SAN
Alaska Airlines,Orlando,Seattle,MCO,SEA
Alaska Airlines,Miami,Atlanta,MIA,ATL
Alaska Airlines,Miami,Los Angeles,MIA,LAX
Alaska Airlines,Miami,San Francisco,MIA,SFO
Alaska Airlines,Minneapolis,Los Angeles,MSP,LAX
Alaska Airlines,Minneapolis,San Diego,MSP,SAN
Alaska Airlines,Minneapolis,Seattle,MSP,SEA
Alaska Airlines,Chicago,Los Angeles,ORD,LAX
Alaska Airlines,Chicago,Portland,ORD,PDX
Alaska Airlines,Chicago,San Diego,ORD,SAN
Alaska Airlines,Chicago,Seattle,ORD,SEA
Alaska Airlines,Chicago,San Francisco,ORD,SFO
Alaska Airlines,Portland,Atlanta,PDX,ATL
Alaska Airlines,Portland,Boston,PDX,BOS
Alaska Airlines,Portland,Washington,PDX,DCA
Alaska Airlines,Portland,Detroit,PDX,DTW
Alaska Airlines,Portland,Los Angeles,PDX,LAX
Alaska Airlines,Portland,Chicago,PDX,ORD
Alaska Airlines,Portland,Phoenix,PDX,PHX
Alaska Airlines,Portland,San Diego,PDX,SAN
Alaska Airlines,Portland,Seattle,PDX,SEA
Alaska Airlines,Portland,San Francisco,PDX,SFO
Alaska Airlines,Philadelphia,Seattle,PHL,SEA
Alaska Airlines,Phoenix,Los Angeles,PHX,LAX
Alaska Airlines,Phoenix,Portland,PHX,PDX
Alaska Airlines,Phoenix,Seattle,PHX,SEA
Alaska Airlines,San Diego,Atlanta,SAN,ATL
Alaska Airlines,San Diego,Boston,SAN,BOS
Alaska Airlines,San Diego,Detroit,SAN,DTW
Alaska Airlines,San Diego,Los Angeles,SAN,LAX
Alaska Airlines,San Diego,Orlando,SAN,MCO
Alaska Airlines,San Diego,Minneapolis,SAN,MSP
Alaska Airlines,San Diego,Chicago,SAN,ORD
Alaska Airlines,San Diego,Portland,SAN,PDX
Alaska Airlines,San Diego,Seattle,SAN,SEA
Alaska Airlines,San Antonio,Seattle,SAT,SEA
Alaska Airlines,Seattle,Atlanta,SEA,ATL
Alaska Airlines,Seattle,Boston,SEA,BOS
Alaska Airlines,Seattle,Washington,SEA,DCA
Alaska Airlines,Seattle,Denver,SEA,DEN
Alaska Airlines,Seattle,Houston,SEA,IAH
Alaska Airlines,Seattle,Los Angeles,SEA,LAX
Alaska Airlines,Seattle,Orlando,SEA,MCO
Alaska Airlines,Seattle,Minneapolis,SEA,MSP
Alaska Airlines,Seattle,Chicago,SEA,ORD
Alaska Airlines,Seattle,Portland,SEA,PDX
Alaska Airlines,Seattle,Philadelphia,SEA,PHL
Alaska Airlines,Seattle,Phoenix,SEA,PHX
Alaska Airlines,Seattle,San Diego,SEA,SAN
Alaska Airlines,Seattle,San Antonio,SEA,SAT
Alaska Airlines,Seattle,San Francisco,SEA,SFO
Alaska Airlines,Seattle,St. Louis,SEA,STL
Alaska Airlines,San Francisco,Los Angeles,SFO,LAX
Alaska Airlines,San Francisco,Miami,SFO,MIA
Alaska Airlines,San Francisco,Chicago,SFO,ORD
Alaska Airlines,San Francisco,Portland,SFO,PDX
Alaska Airlines,San Francisco,Seattle,SFO,SEA
Alaska Airlines,St. Louis,Los Angeles,STL,LAX
Alaska Airlines,St. Louis,Seattle,STL,SEA
Alitalia-compagnia Aerea Italiana,Atlanta,Boston,ATL,BOS
Alitalia-compagnia Aerea Italiana,Atlanta,Baltimore,ATL,BWI
Alitalia-compagnia Aerea Italiana,Atlanta,Charlotte,ATL,CLT
Alitalia-compagnia Aerea Italiana,Atlanta,Washington,ATL,DCA
Alitalia-compagnia Aerea Italiana,Atlanta,Denver,ATL,DEN
Alitalia-compagnia Aerea Italiana,Atlanta,Detroit,ATL,DTW
Alitalia-compagnia Aerea Italiana,Atlanta,Houston,ATL,HOU
Alitalia-compagnia Aerea Italiana,Atlanta,Washington,ATL,IAD
Alitalia-compagnia Aerea Italiana,Atlanta,Houston,ATL,IAH
Alitalia-compagnia Aerea Italiana,Atlanta,Los Angeles,ATL,LAX
Alitalia-compagnia Aerea Italiana,Atlanta,Orlando,ATL,MCO
Alitalia-compagnia Aerea Italiana,Atlanta,Miami,ATL,MIA
Alitalia-compagnia Aerea Italiana,Atlanta,Minneapolis,ATL,MSP
Alitalia-compagnia Aerea Italiana,Atlanta,Chicago,ATL,ORD
Alitalia-compagnia Aerea Italiana,Atlanta,Portland,ATL,PDX
Alitalia-compagnia Aerea Italiana,Atlanta,Philadelphia,ATL,PHL
Alitalia-compagnia Aerea Italiana,Atlanta,Phoenix,ATL,PHX
Alitalia-compagnia Aerea Italiana,Atlanta,San Diego,ATL,SAN
Alitalia-compagnia Aerea Italiana,Atlanta,San Antonio,ATL,SAT
Alitalia-compagnia Aerea Italiana,Atlanta,Seattle,ATL,SEA
Alitalia-compagnia Aerea Italiana,Atlanta,St. Louis,ATL,STL
Alitalia-compagnia Aerea Italiana,Atlanta,Tampa,ATL,TPA
Alitalia-compagnia Aerea Italiana,Baltimore,Atlanta,BWI,ATL
Alitalia-compagnia Aerea Italiana,Charlotte,Atlanta,CLT,ATL
Alitalia-compagnia Aerea Italiana,Washington,Atlanta,DCA,ATL
Alitalia-compagnia Aerea Italiana,Denver,Atlanta,DEN,ATL
Alitalia-compagnia Aerea Italiana,Detroit,Atlanta,DTW,ATL
Alitalia-compagnia Aerea Italiana,Houston,Atlanta,HOU,ATL
Alitalia-compagnia Aerea Italiana,Washington,Atlanta,IAD,ATL
Alitalia-compagnia Aerea Italiana,Houston,Atlanta,IAH,ATL
Alitalia-compagnia Aerea Italiana,Orlando,Atlanta,MCO,ATL
Alitalia-compagnia Aerea Italiana,Miami,Atlanta,MIA,ATL
Alitalia-compagnia Aerea Italiana,Chicago,Atlanta,ORD,ATL
Alitalia-compagnia Aerea Italiana,Philadelphia,Atlanta,PHL,ATL
Alitalia-compagnia Aerea Italiana,Phoenix,Atlanta,PHX,ATL
Alitalia-compagnia Aerea Italiana,San Diego,Atlanta,SAN,ATL
Alitalia-compagnia Aerea Italiana,San Antonio,Atlanta,SAT,ATL
Alitalia-compagnia Aerea Italiana,Seattle,Atlanta,SEA,ATL
Alitalia-compagnia Aerea Italiana,San Francisco,Atlanta,SFO,ATL
Alitalia-compagnia Aerea Italiana,St. Louis,Atlanta,STL,ATL
Alitalia-compagnia Aerea Italiana,Tampa,Atlanta,TPA,ATL
JetBlue Airways,Boston,Baltimore,BOS,BWI
JetBlue Airways,Boston,Charlotte,BOS,CLT
JetBlue Airways,Boston,Washington,BOS,DCA
JetBlue Airways,Boston,Denver,BOS,DEN
JetBlue Airways,Boston,Detroit,BOS,DTW
JetBlue Airways,Boston,Houston,BOS,HOU
JetBlue Airways,Boston,Washington,BOS,IAD
JetBlue Airways,Boston,Los Angeles,BOS,LAX
JetBlue Airways,Boston,Orlando,BOS,MCO
JetBlue Airways,Boston,Chicago,BOS,ORD
JetBlue Airways,Boston,Portland,BOS,PDX
JetBlue Airways,Boston,Philadelphia,BOS,PHL
JetBlue Airways,Boston,Phoenix,BOS,PHX
JetBlue Airways,Boston,San Diego,BOS,SAN
JetBlue Airways,Boston,Seattle,BOS,SEA
JetBlue Airways,Boston,San Francisco,BOS,SFO
JetBlue Airways,Boston,Tampa,BOS,TPA
JetBlue Airways,Baltimore,Boston,BWI,BOS
JetBlue Airways,Charlotte,Boston,CLT,BOS
JetBlue Airways,Washington,Boston,DCA,BOS
JetBlue Airways,Washington,Orlando,DCA,MCO
JetBlue Airways,Washington,Tampa,DCA,TPA
JetBlue Airways,Denver,Boston,DEN,BOS
JetBlue Airways,Detroit,Boston,DTW,BOS
JetBlue Airways,Houston,Boston,HOU,BOS
JetBlue Airways,Washington,Boston,IAD,BOS
JetBlue Airways,Los Angeles,Boston,LAX,BOS
JetBlue Airways,Orlando,Boston,MCO,BOS
JetBlue Airways,Orlando,Washington,MCO,DCA
JetBlue Airways,Chicago,Boston,ORD,BOS
JetBlue Airways,Portland,Boston,PDX,BOS
JetBlue Airways,Philadelphia,Boston,PHL,BOS
JetBlue Airways,Phoenix,Boston,PHX,BOS
JetBlue Airways,San Diego,Boston,SAN,BOS
JetBlue Airways,Seattle,Boston,SEA,BOS
JetBlue Airways,San Francisco,Boston,SFO,BOS
JetBlue Airways,Tampa,Boston,TPA,BOS
JetBlue Airways,Tampa,Washington,TPA,DCA
British Airways,Atlanta,Miami,ATL,MIA
British Airways,Atlanta,Chicago,ATL,ORD
British Airways,Miami,Atlanta,MIA,ATL
British Airways,Chicago,Atlanta,ORD,ATL
Air China,Atlanta,Houston,ATL,IAH
Air China,Houston,Atlanta,IAH,ATL
China Airlines,Atlanta,Los Angeles,ATL,LAX
China Airlines,Atlanta,San Francisco,ATL,SFO
China Airlines,Houston,Atlanta,IAH,ATL
China Airlines,Los Angeles,Atlanta,LAX,ATL
China Airlines,San Francisco,Atlanta,SFO,ATL
CM Airlines,Houston,San Francisco,IAH,SFO
CM Airlines,Seattle,Houston,SEA,IAH
Cathay Pacific Airways,Atlanta,Chicago,ATL,ORD
Cathay Pacific Airways,Chicago,Atlanta,ORD,ATL
Delta Air Lines,Atlanta,Boston,ATL,BOS
Delta Air Lines,Atlanta,Baltimore,ATL,BWI
Delta Air Lines,Atlanta,Charlotte,ATL,CLT
Delta Air Lines,Atlanta,Dallas,ATL,DAL
Delta Air Lines,Atlanta,Washington,ATL,DCA
Delta Air Lines,Atlanta,Denver,ATL,DEN
Delta Air Lines,Atlanta,Detroit,ATL,DTW
Delta Air Lines,Atlanta,Houston,ATL,HOU
Delta Air Lines,Atlanta,Washington,ATL,IAD
Delta Air Lines,Atlanta,Houston,ATL,IAH
Delta Air Lines,Atlanta,Los Angeles,ATL,LAX
Delta Air Lines,Atlanta,Orlando,ATL,MCO
Delta Air Lines,Atlanta,Chicago,ATL,MDW
Delta Air Lines,Atlanta,Miami,ATL,MIA
Delta Air Lines,Atlanta,Minneapolis,ATL,MSP
Delta Air Lines,Atlanta,Chicago,ATL,ORD
Delta Air Lines,Atlanta,Portland,ATL,PDX
Delta Air Lines,Atlanta,Philadelphia,ATL,PHL
Delta Air Lines,Atlanta,Phoenix,ATL,PHX
Delta Air Lines,Atlanta,Portland,ATL,PWM
Delta Air Lines,Atlanta,San Diego,ATL,SAN
Delta Air Lines,Atlanta,San Antonio,ATL,SAT
Delta Air Lines,Atlanta,Seattle,ATL,SEA
Delta Air Lines,Atlanta,San Francisco,ATL,SFO
Delta Air Lines,Atlanta,St. Louis,ATL,STL
Delta Air Lines,Atlanta,Tampa,ATL,TPA
Delta Air Lines,Boston,Atlanta,BOS,ATL
Delta Air Lines,Boston,Detroit,BOS,DTW
Delta Air Lines,Boston,Los Angeles,BOS,LAX
Delta Air Lines,Boston,Orlando,BOS,MCO
Delta Air Lines,Boston,Minneapolis,BOS,MSP
Delta Air Lines,Baltimore,Atlanta,BWI,ATL
Delta Air Lines,Baltimore,Detroit,BWI,DTW
Delta Air Lines,Baltimore,Minneapolis,BWI,MSP
Delta Air Lines,Charlotte,Atlanta,CLT,ATL
Delta Air Lines,Charlotte,Detroit,CLT,DTW
Delta Air Lines,Charlotte,Minneapolis,CLT,MSP
Delta Air Lines,Dallas,Atlanta,DAL,ATL
Delta Air Lines,Washington,Atlanta,DCA,ATL
Delta Air Lines,Washington,Detroit,DCA,DTW
Delta Air Lines,Washington,Los Angeles,DCA,LAX
Delta Air Lines,Washington,Minneapolis,DCA,MSP
Delta Air Lines,Denver,Atlanta,DEN,ATL
Delta Air Lines,Denver,Detroit,DEN,DTW
Delta Air Lines,Denver,Minneapolis,DEN,MSP
Delta Air Lines,Detroit,Atlanta,DTW,ATL
Delta Air Lines,Detroit,Boston,DTW,BOS
Delta Air Lines,Detroit,Baltimore,DTW,BWI
Delta Air Lines,Detroit,Charlotte,DTW,CLT
Delta Air Lines,Detroit,Washington,DTW,DCA
Delta Air Lines,Detroit,Denver,DTW,DEN
Delta Air Lines,Detroit,Washington,DTW,IAD
Delta Air Lines,Detroit,Houston,DTW,IAH
Delta Air Lines,Detroit,Los Angeles,DTW,LAX
Delta Air Lines,Detroit,Orlando,DTW,MCO
Delta Air Lines,Detroit,Chicago,DTW,MDW
Delta Air Lines,Detroit,Miami,DTW,MIA
Delta Air Lines,Detroit,Minneapolis,DTW,MSP
Delta Air Lines,Detroit,Chicago,DTW,ORD
Delta Air Lines,Detroit,Portland,DTW,PDX
Delta Air Lines,Detroit,Philadelphia,DTW,PHL
Delta Air Lines,Detroit,Phoenix,DTW,PHX
Delta Air Lines,Detroit,Portland,DTW,PWM
Delta Air Lines,Detroit,San Diego,DTW,SAN
Delta Air Lines,Detroit,San Antonio,DTW,SAT
Delta Air Lines,Detroit,Seattle,DTW,SEA
Delta Air Lines,Detroit,San Francisco,DTW,SFO
Delta Air Lines,Detroit,St. Louis,DTW,STL
Delta Air Lines,Detroit,Tampa,DTW,TPA
Delta Air Lines,Houston,Atlanta,HOU,ATL
Delta Air Lines,Washington,Atlanta,IAD,ATL
Delta Air Lines,Washington,Detroit,IAD,DTW
Delta Air Lines,Washington,Minneapolis,IAD,MSP
Delta Air Lines,Houston,Atlanta,IAH,ATL
Delta Air Lines,Houston,Detroit,IAH,DTW
Delta Air Lines,Houston,Minneapolis,IAH,MSP
Delta Air Lines,Houston,Seattle,IAH,SEA
Delta Air Lines,Los Angeles,Atlanta,LAX,ATL
Delta Air Lines,Los Angeles,Boston,LAX,BOS
Delta Air Lines,Los Angeles,Washington,LAX,DCA
Delta Air Lines,Los Angeles,Detroit,LAX,DTW
Delta Air Lines,Los Angeles,Orlando,LAX,MCO
Delta Air Lines,Los Angeles,Miami,LAX,MIA
Delta Air Lines,Los Angeles,Minneapolis,LAX,MSP
Delta Air Lines,Los Angeles,Portland,LAX,PDX
Delta Air Lines,Los Angeles,Phoenix,LAX,PHX
Delta Air Lines,Los Angeles,San Diego,LAX,SAN
Delta Air Lines,Los Angeles,Seattle,LAX,SEA
Delta Air Lines,Los Angeles,San Francisco,LAX,SFO
Delta Air Lines,Los Angeles,Tampa,LAX,TPA
Delta Air Lines,Orlando,Atlanta,MCO,ATL
Delta Air Lines,Orlando,Boston,MCO,BOS
Delta Air Lines,Orlando,Detroit,MCO,DTW
Delta Air Lines,Orlando,Los Angeles,MCO,LAX
Delta Air Lines,Orlando,Minneapolis,MCO,MSP
Delta Air Lines,Orlando,San Antonio,MCO,SAT
Delta Air Lines,Chicago,Atlanta,MDW,ATL
Delta Air Lines,Chicago,Detroit,MDW,DTW
Delta Air Lines,Chicago,Minneapolis,MDW,MSP
Delta Air Lines,Miami,Atlanta,MIA,ATL
Delta Air Lines,Miami,Detroit,MIA,DTW
Delta Air Lines,Miami,Los Angeles,MIA,LAX
Delta Air Lines,Miami,Minneapolis,MIA,MSP
Delta Air Lines,Minneapolis,Atlanta,MSP,ATL
Delta Air Lines,Minneapolis,Boston,MSP,BOS
Delta Air Lines,Minneapolis,Baltimore,MSP,BWI
Delta Air Lines,Minneapolis,Charlotte,MSP,CLT
Delta Air Lines,Minneapolis,Washington,MSP,DCA
Delta Air Lines,Minneapolis,Denver,MSP,DEN
Delta Air Lines,Minneapolis,Detroit,MSP,DTW
Delta Air Lines,Minneapolis,Washington,MSP,IAD
Delta Air Lines,Minneapolis,Houston,MSP,IAH
Delta Air Lines,Minneapolis,Los Angeles,MSP,LAX
Delta Air Lines,Minneapolis,Orlando,MSP,MCO
Delta Air Lines,Minneapolis,Chicago,MSP,MDW
Delta Air Lines,Minneapolis,Miami,MSP,MIA
Delta Air Lines,Minneapolis,Chicago,MSP,ORD
Delta Air Lines,Minneapolis,Portland,MSP,PDX
Delta Air Lines,Minneapolis,Philadelphia,MSP,PHL
Delta Air Lines,Minneapolis,Phoenix,MSP,PHX
Delta Air Lines,Minneapolis,San Diego,MSP,SAN
Delta Air Lines,Minneapolis,San Antonio,MSP,SAT
Delta Air Lines,Minneapolis,Seattle,MSP,SEA
Delta Air Lines,Minneapolis,San Francisco,MSP,SFO
Delta Air Lines,Minneapolis,St. Louis,MSP,STL
Delta Air Lines,Minneapolis,Tampa,MSP,TPA
Delta Air Lines,Chicago,Atlanta,ORD,ATL
Delta Air Lines,Chicago,Detroit,ORD,DTW
Delta Air Lines,Chicago,Minneapolis,ORD,MSP
Delta Air Lines,Portland,Atlanta,PDX,ATL
Delta Air Lines,Portland,Detroit,PDX,DTW
Delta Air Lines,Portland,Los Angeles,PDX,LAX
Delta Air Lines,Portland,Minneapolis,PDX,MSP
Delta Air Lines,Philadelphia,Atlanta,PHL,ATL
Delta Air Lines,Philadelphia,Detroit,PHL,DTW
Delta Air Lines,Philadelphia,Minneapolis,PHL,MSP
Delta Air Lines,Phoenix,Atlanta,PHX,ATL
Delta Air Lines,Phoenix,Detroit,PHX,DTW
Delta Air Lines,Phoenix,Los Angeles,PHX,LAX
Delta Air Lines,Phoenix,Minneapolis,PHX,MSP
Delta Air Lines,San Diego,Atlanta,SAN,ATL
Delta Air Lines,San Diego,Detroit,SAN,DTW
Delta Air Lines,San Diego,Los Angeles,SAN,LAX
Delta Air Lines,San Diego,Minneapolis,SAN,MSP
Delta Air Lines,San Diego,Seattle,SAN,SEA
Delta Air Lines,San Antonio,Atlanta,SAT,ATL
Delta Air Lines,San Antonio,Detroit,SAT,DTW
Delta Air Lines,San Antonio,Orlando,SAT,MCO
Delta Air Lines,San Antonio,Minneapolis,SAT,MSP
Delta Air Lines,Seattle,Atlanta,SEA,ATL
Delta Air Lines,Seattle,Detroit,SEA,DTW
Delta Air Lines,Seattle,Houston,SEA,IAH
Delta Air Lines,Seattle,Los Angeles,SEA,LAX
Delta Air Lines,Seattle,Minneapolis,SEA,MSP
Delta Air Lines,Seattle,San Diego,SEA,SAN
Delta Air Lines,Seattle,San Francisco,SEA,SFO
Delta Air Lines,San Francisco,Atlanta,SFO,ATL
Delta Air Lines,San Francisco,Detroit,SFO,DTW
Delta Air Lines,San Francisco,Los Angeles,SFO,LAX
Delta Air Lines,San Francisco,Minneapolis,SFO,MSP
Delta Air Lines,San Francisco,Seattle,SFO,SEA
Delta Air Lines,St. Louis,Atlanta,STL,ATL
Delta Air Lines,St. Louis,Detroit,STL,DTW
Delta Air Lines,St. Louis,Minneapolis,STL,MSP
Delta Air Lines,Tampa,Atlanta,TPA,ATL
Delta Air Lines,Tampa,Detroit,TPA,DTW
Delta Air Lines,Tampa,Los Angeles,TPA,LAX
Delta Air Lines,Tampa,Minneapolis,TPA,MSP
Aer Lingus,Atlanta,Chicago,ATL,ORD
Aer Lingus,Chicago,Atlanta,ORD,ATL
Etihad Airways,Atlanta,Chicago,ATL,ORD
Etihad Airways,Chicago,Atlanta,ORD,ATL
Frontier Airlines,Atlanta,Denver,ATL,DEN
Frontier Airlines,Washington,Denver,DCA,DEN
Frontier Airlines,Denver,Atlanta,DEN,ATL
Frontier Airlines,Denver,Washington,DEN,DCA
Frontier Airlines,Denver,Detroit,DEN,DTW
Frontier Airlines,Denver,Houston,DEN,IAH
Frontier Airlines,Denver,Los Angeles,DEN,LAX
Frontier Airlines,Denver,Orlando,DEN,MCO
Frontier Airlines,Denver,Chicago,DEN,MDW
Frontier Airlines,Denver,Minneapolis,DEN,MSP
Frontier Airlines,Denver,Portland,DEN,PDX
Frontier Airlines,Denver,Phoenix,DEN,PHX
Frontier Airlines,Denver,San Diego,DEN,SAN
Frontier Airlines,Denver,Seattle,DEN,SEA
Frontier Airlines,Denver,San Francisco,DEN,SFO
Frontier Airlines,Denver,St. Louis,DEN,STL
Frontier Airlines,Denver,Tampa,DEN,TPA
Frontier Airlines,Detroit,Denver,DTW,DEN
Frontier Airlines,Houston,Denver,IAH,DEN
Frontier Airlines,Los Angeles,Denver,LAX,DEN
Frontier Airlines,Orlando,Denver,MCO,DEN
Frontier Airlines,Chicago,Denver,MDW,DEN
Frontier Airlines,Minneapolis,Denver,MSP,DEN
Frontier Airlines,Portland,Denver,PDX,DEN
Frontier Airlines,Phoenix,Denver,PHX,DEN
Frontier Airlines,San Diego,Denver,SAN,DEN
Frontier Airlines,Seattle,Denver,SEA,DEN
Frontier Airlines,San Francisco,Denver,SFO,DEN
Frontier Airlines,St. Louis,Denver,STL,DEN
Frontier Airlines,Tampa,Denver,TPA,DEN
AirTran Airways,Atlanta,Boston,ATL,BOS
AirTran Airways,Atlanta,Baltimore,ATL,BWI
AirTran Airways,Atlanta,Washington,ATL,DCA
AirTran Airways,Atlanta,Denver,ATL,DEN
AirTran Airways,Atlanta,Detroit,ATL,DTW
AirTran Airways,Atlanta,Houston,ATL,HOU
AirTran Airways,Atlanta,Los Angeles,ATL,LAX
AirTran Airways,Atlanta,Orlando,ATL,MCO
AirTran Airways,Atlanta,Chicago,ATL,MDW
AirTran Airways,Atlanta,Minneapolis,ATL,MSP
AirTran Airways,Atlanta,Philadelphia,ATL,PHL
AirTran Airways,Atlanta,Phoenix,ATL,PHX
AirTran Airways,Atlanta,San Diego,ATL,SAN
AirTran Airways,Atlanta,San Antonio,ATL,SAT
AirTran Airways,Atlanta,San Francisco,ATL,SFO
AirTran Airways,Atlanta,St. Louis,ATL,STL
AirTran Airways,Atlanta,Tampa,ATL,TPA
AirTran Airways,Boston,Atlanta,BOS,ATL
AirTran Airways,Boston,Baltimore,BOS,BWI
AirTran Airways,Boston,Orlando,BOS,MCO
AirTran Airways,Boston,Chicago,BOS,MDW
AirTran Airways,Baltimore,Atlanta,BWI,ATL
AirTran Airways,Baltimore,Boston,BWI,BOS
AirTran Airways,Baltimore,Charlotte,BWI,CLT
AirTran Airways,Baltimore,Denver,BWI,DEN
AirTran Airways,Baltimore,Detroit,BWI,DTW
AirTran Airways,Baltimore,Los Angeles,BWI,LAX
AirTran Airways,Baltimore,Orlando,BWI,MCO
AirTran Airways,Baltimore,Chicago,BWI,MDW
AirTran Airways,Baltimore,Phoenix,BWI,PHX
AirTran Airways,Baltimore,Portland,BWI,PWM
AirTran Airways,Baltimore,San Diego,BWI,SAN
AirTran Airways,Baltimore,San Antonio,BWI,SAT
AirTran Airways,Baltimore,St. Louis,BWI,STL
AirTran Airways,Baltimore,Tampa,BWI,TPA
AirTran Airways,Charlotte,Baltimore,CLT,BWI
AirTran Airways,Charlotte,Orlando,CLT,MCO
AirTran Airways,Charlotte,Chicago,CLT,MDW
AirTran Airways,Dallas,Houston,DAL,HOU
AirTran Airways,Dallas,San Antonio,DAL,SAT
AirTran Airways,Dallas,Seattle,DAL,SEA
AirTran Airways,Dallas,San Francisco,DAL,SFO
AirTran Airways,Dallas,St. Louis,DAL,STL
AirTran Airways,Washington,Atlanta,DCA,ATL
AirTran Airways,Denver,Atlanta,DEN,ATL
AirTran Airways,Denver,Baltimore,DEN,BWI
AirTran Airways,Denver,Los Angeles,DEN,LAX
AirTran Airways,Denver,Orlando,DEN,MCO
AirTran Airways,Denver,Chicago,DEN,MDW
AirTran Airways,Denver,Minneapolis,DEN,MSP
AirTran Airways,Denver,Phoenix,DEN,PHX
AirTran Airways,Denver,San Diego,DEN,SAN
AirTran Airways,Denver,San Antonio,DEN,SAT
AirTran Airways,Denver,Tampa,DEN,TPA
AirTran Airways,Detroit,Atlanta,DTW,ATL
AirTran Airways,Detroit,Baltimore,DTW,BWI
AirTran Airways,Detroit,Los Angeles,DTW,LAX
AirTran Airways,Detroit,Chicago,DTW,MDW
AirTran Airways,Houston,Atlanta,HOU,ATL
AirTran Airways,Houston,Baltimore,HOU,BWI
AirTran Airways,Houston,Charlotte,HOU,CLT
AirTran Airways,Houston,Dallas,HOU,DAL
AirTran Airways,Houston,Denver,HOU,DEN
AirTran Airways,Houston,Los Angeles,HOU,LAX
AirTran Airways,Houston,Orlando,HOU,MCO
AirTran Airways,Houston,Chicago,HOU,MDW
AirTran Airways,Houston,Phoenix,HOU,PHX
AirTran Airways,Houston,Tampa,HOU,TPA
AirTran Airways,Washington,Denver,IAD,DEN
AirTran Airways,Washington,Chicago,IAD,MDW
AirTran Airways,Washington,Tampa,IAD,TPA
AirTran Airways,Los Angeles,Atlanta,LAX,ATL
AirTran Airways,Los Angeles,Denver,LAX,DEN
AirTran Airways,Los Angeles,Houston,LAX,HOU
AirTran Airways,Los Angeles,Chicago,LAX,MDW
AirTran Airways,Los Angeles,Portland,LAX,PWM
AirTran Airways,Orlando,Atlanta,MCO,ATL
AirTran Airways,Orlando,Boston,MCO,BOS
AirTran Airways,Orlando,Baltimore,MCO,BWI
AirTran Airways,Orlando,Charlotte,MCO,CLT
AirTran Airways,Orlando,Denver,MCO,DEN
AirTran Airways,Orlando,Chicago,MCO,MDW
AirTran Airways,Orlando,Minneapolis,MCO,MSP
AirTran Airways,Orlando,Philadelphia,MCO,PHL
AirTran Airways,Orlando,Phoenix,MCO,PHX
AirTran Airways,Orlando,San Antonio,MCO,SAT
AirTran Airways,Orlando,St. Louis,MCO,STL
AirTran Airways,Chicago,Atlanta,MDW,ATL
AirTran Airways,Chicago,Boston,MDW,BOS
AirTran Airways,Chicago,Baltimore,MDW,BWI
AirTran Airways,Chicago,Charlotte,MDW,CLT
AirTran Airways,Chicago,Denver,MDW,DEN
AirTran Airways,Chicago,Detroit,MDW,DTW
AirTran Airways,Chicago,Houston,MDW,HOU
AirTran Airways,Chicago,Washington,MDW,IAD
AirTran Airways,Chicago,Los Angeles,MDW,LAX
AirTran Airways,Chicago,Orlando,MDW,MCO
AirTran Airways,Chicago,Minneapolis,MDW,MSP
AirTran Airways,Chicago,Portland,MDW,PDX
AirTran Airways,Chicago,Philadelphia,MDW,PHL
AirTran Airways,Chicago,Phoenix,MDW,PHX
AirTran Airways,Chicago,San Diego,MDW,SAN
AirTran Airways,Chicago,San Antonio,MDW,SAT
AirTran Airways,Chicago,Seattle,MDW,SEA
AirTran Airways,Chicago,San Francisco,MDW,SFO
AirTran Airways,Chicago,St. Louis,MDW,STL
AirTran Airways,Chicago,Tampa,MDW,TPA
AirTran Airways,Minneapolis,Atlanta,MSP,ATL
AirTran Airways,Minneapolis,Denver,MSP,DEN
AirTran Airways,Minneapolis,Orlando,MSP,MCO
AirTran Airways,Minneapolis,Chicago,MSP,MDW
AirTran Airways,Minneapolis,Phoenix,MSP,PHX
AirTran Airways,Minneapolis,St. Louis,MSP,STL
AirTran Airways,Portland,Denver,PDX,DEN
AirTran Airways,Portland,Chicago,PDX,MDW
AirTran Airways,Philadelphia,Atlanta,PHL,ATL
AirTran Airways,Philadelphia,Denver,PHL,DEN
AirTran Airways,Philadelphia,Orlando,PHL,MCO
AirTran Airways,Philadelphia,Chicago,PHL,MDW
AirTran Airways,Philadelphia,Phoenix,PHL,PHX
AirTran Airways,Phoenix,Atlanta,PHX,ATL
AirTran Airways,Phoenix,Denver,PHX,DEN
AirTran Airways,Phoenix,Houston,PHX,HOU
AirTran Airways,Phoenix,Portland,PHX,PDX
AirTran Airways,Phoenix,Philadelphia,PHX,PHL
AirTran Airways,Phoenix,San Diego,PHX,SAN
AirTran Airways,Portland,Baltimore,PWM,BWI
AirTran Airways,San Diego,Atlanta,SAN,ATL
AirTran Airways,San Diego,Baltimore,SAN,BWI
AirTran Airways,San Diego,Denver,SAN,DEN
AirTran Airways,San Diego,Houston,SAN,HOU
AirTran Airways,San Diego,Phoenix,SAN,PHX
AirTran Airways,San Diego,San Antonio,SAN,SAT
AirTran Airways,San Antonio,Atlanta,SAT,ATL
AirTran Airways,San Antonio,Baltimore,SAT,BWI
AirTran Airways,San Antonio,Dallas,SAT,DAL
AirTran Airways,San Antonio,Denver,SAT,DEN
AirTran Airways,San Antonio,Houston,SAT,HOU
AirTran Airways,San Antonio,Los Angeles,SAT,LAX
AirTran Airways,San Antonio,Orlando,SAT,MCO
AirTran Airways,San Antonio,Chicago,SAT,MDW
AirTran Airways,San Antonio,Phoenix,SAT,PHX
AirTran Airways,San Antonio,St. Louis,SAT,STL
AirTran Airways,San Antonio,Tampa,SAT,TPA
AirTran Airways,Seattle,Baltimore,SEA,BWI
AirTran Airways,Seattle,Denver,SEA,DEN
AirTran Airways,Seattle,Chicago,SEA,MDW
AirTran Airways,Seattle,Phoenix,SEA,PHX
AirTran Airways,Seattle,San Diego,SEA,SAN
AirTran Airways,San Francisco,Atlanta,SFO,ATL
AirTran Airways,San Francisco,Denver,SFO,DEN
AirTran Airways,San Francisco,Chicago,SFO,MDW
AirTran Airways,St. Louis,Atlanta,STL,ATL
AirTran Airways,St. Louis,Baltimore,STL,BWI
AirTran Airways,St. Louis,Dallas,STL,DAL
AirTran Airways,St. Louis,Denver,STL,DEN
AirTran Airways,St. Louis,Detroit,STL,DTW
AirTran Airways,St. Louis,Los Angeles,STL,LAX
AirTran Airways,St. Louis,Chicago,STL,MDW
AirTran Airways,St. Louis,Minneapolis,STL,MSP
AirTran Airways,St. Louis,Philadelphia,STL,PHL
AirTran Airways,St. Louis,San Antonio,STL,SAT
AirTran Airways,St. Louis,Tampa,STL,TPA
AirTran Airways,Tampa,Atlanta,TPA,ATL
AirTran Airways,Tampa,Baltimore,TPA,BWI
AirTran Airways,Tampa,Houston,TPA,HOU
AirTran Airways,Tampa,Chicago,TPA,MDW
AirTran Airways,Tampa,Portland,TPA,PDX
AirTran Airways,Tampa,Phoenix,TPA,PHX
AirTran Airways,Tampa,San Antonio,TPA,SAT
AirTran Airways,Tampa,Seattle,TPA,SEA
AirTran Airways,Tampa,St. Louis,TPA,STL
Iberia,Atlanta,Miami,ATL,MIA
Iberia,Atlanta,Chicago,ATL,ORD
Iberia,Miami,Atlanta,MIA,ATL
Iberia,Chicago,Atlanta,ORD,ATL
LATAM Airlines,Miami,Baltimore,MIA,BWI
Japan Airlines,Chicago,Atlanta,ORD,ATL
Klm Royal Dutch Airlines,Atlanta,Boston,ATL,BOS
Klm Royal Dutch Airlines,Atlanta,Baltimore,ATL,BWI
Klm Royal Dutch Airlines,Atlanta,Charlotte,ATL,CLT
Klm Royal Dutch Airlines,Atlanta,Dallas,ATL,DAL
Klm Royal Dutch Airlines,Atlanta,Washington,ATL,DCA
Klm Royal Dutch Airlines,Atlanta,Denver,ATL,DEN
Klm Royal Dutch Airlines,Atlanta,Detroit,ATL,DTW
Klm Royal Dutch Airlines,Atlanta,Houston,ATL,HOU
Klm Royal Dutch Airlines,Atlanta,Washington,ATL,IAD
Klm Royal Dutch Airlines,Atlanta,Houston,ATL,IAH
Klm Royal Dutch Airlines,Atlanta,Los Angeles,ATL,LAX
Klm Royal Dutch Airlines,Atlanta,Orlando,ATL,MCO
Klm Royal Dutch Airlines,Atlanta,Chicago,ATL,MDW
Klm Royal Dutch Airlines,Atlanta,Miami,ATL,MIA
Klm Royal Dutch Airlines,Atlanta,Minneapolis,ATL,MSP
Klm Royal Dutch Airlines,Atlanta,Chicago,ATL,ORD
Klm Royal Dutch Airlines,Atlanta,Portland,ATL,PDX
Klm Royal Dutch Airlines,Atlanta,Philadelphia,ATL,PHL
Klm Royal Dutch Airlines,Atlanta,Phoenix,ATL,PHX
Klm Royal Dutch Airlines,Atlanta,Portland,ATL,PWM
Klm Royal Dutch Airlines,Atlanta,San Diego,ATL,SAN
Klm Royal Dutch Airlines,Atlanta,San Antonio,ATL,SAT
Klm Royal Dutch Airlines,Atlanta,Seattle,ATL,SEA
Klm Royal Dutch Airlines,Atlanta,San Francisco,ATL,SFO
Klm Royal Dutch Airlines,Atlanta,St. Louis,ATL,STL
Klm Royal Dutch Airlines,Atlanta,Tampa,ATL,TPA
Klm Royal Dutch Airlines,Boston,Atlanta,BOS,ATL
Klm Royal Dutch Airlines,Baltimore,Atlanta,BWI,ATL
Klm Royal Dutch Airlines,Charlotte,Atlanta,CLT,ATL
Klm Royal Dutch Airlines,Dallas,Atlanta,DAL,ATL
Klm Royal Dutch Airlines,Washington,Atlanta,DCA,ATL
Klm Royal Dutch Airlines,Denver,Atlanta,DEN,ATL
Klm Royal Dutch Airlines,Detroit,Atlanta,DTW,ATL
Klm Royal Dutch Airlines,Houston,Atlanta,HOU,ATL
Klm Royal Dutch Airlines,Washington,Atlanta,IAD,ATL
Klm Royal Dutch Airlines,Houston,Atlanta,IAH,ATL
Klm Royal Dutch Airlines,Los Angeles,Atlanta,LAX,ATL
Klm Royal Dutch Airlines,Los Angeles,Minneapolis,LAX,MSP
Klm Royal Dutch Airlines,Orlando,Atlanta,MCO,ATL
Klm Royal Dutch Airlines,Chicago,Atlanta,MDW,ATL
Klm Royal Dutch Airlines,Miami,Atlanta,MIA,ATL
Klm Royal Dutch Airlines,Minneapolis,Atlanta,MSP,ATL
Klm Royal Dutch Airlines,Minneapolis,Los Angeles,MSP,LAX
Klm Royal Dutch Airlines,Minneapolis,Seattle,MSP,SEA
Klm Royal Dutch Airlines,Minneapolis,San Francisco,MSP,SFO
Klm Royal Dutch Airlines,Chicago,Atlanta,ORD,ATL
Klm Royal Dutch Airlines,Portland,Atlanta,PDX,ATL
Klm Royal Dutch Airlines,Philadelphia,Atlanta,PHL,ATL
Klm Royal Dutch Airlines,Phoenix,Atlanta,PHX,ATL
Klm Royal Dutch Airlines,San Diego,Atlanta,SAN,ATL
Klm Royal Dutch Airlines,San Antonio,Atlanta,SAT,ATL
Klm Royal Dutch Airlines,Seattle,Atlanta,SEA,ATL
Klm Royal Dutch Airlines,San Francisco,Atlanta,SFO,ATL
Klm Royal Dutch Airlines,San Francisco,Seattle,SFO,SEA
Klm Royal Dutch Airlines,St. Louis,Atlanta,STL,ATL
Klm Royal Dutch Airlines,Tampa,Atlanta,TPA,ATL
Lufthansa Cargo,Atlanta,Washington,ATL,IAD
Lufthansa Cargo,Atlanta,Chicago,ATL,ORD
Lufthansa Cargo,Washington,Atlanta,IAD,ATL
Lufthansa Cargo,Chicago,Atlanta,ORD,ATL
Malaysia Airlines System Berhad,Atlanta,Chicago,ATL,ORD
Malaysia Airlines System Berhad,Chicago,Atlanta,ORD,ATL
All Nippon Airways,Atlanta,Washington,ATL,IAD
All Nippon Airways,Atlanta,Chicago,ATL,ORD
All Nippon Airways,Washington,Atlanta,IAD,ATL
All Nippon Airways,Chicago,Atlanta,ORD,ATL
Spirit Airlines,Boston,Chicago,BOS,ORD
Spirit Airlines,Baltimore,Minneapolis,BWI,MSP
Spirit Airlines,Denver,Detroit,DEN,DTW
Spirit Airlines,Denver,Houston,DEN,IAH
Spirit Airlines,Denver,Minneapolis,DEN,MSP
Spirit Airlines,Denver,Chicago,DEN,ORD
Spirit Airlines,Denver,Phoenix,DEN,PHX
Spirit Airlines,Detroit,Denver,DTW,DEN
Spirit Airlines,Detroit,Houston,DTW,IAH
Spirit Airlines,Detroit,Los Angeles,DTW,LAX
Spirit Airlines,Detroit,Orlando,DTW,MCO
Spirit Airlines,Detroit,Tampa,DTW,TPA
Spirit Airlines,Houston,Denver,IAH,DEN
Spirit Airlines,Houston,Detroit,IAH,DTW
Spirit Airlines,Houston,Los Angeles,IAH,LAX
Spirit Airlines,Houston,Orlando,IAH,MCO
Spirit Airlines,Houston,Minneapolis,IAH,MSP
Spirit Airlines,Houston,Chicago,IAH,ORD
Spirit Airlines,Los Angeles,Detroit,LAX,DTW
Spirit Airlines,Los Angeles,Houston,LAX,IAH
Spirit Airlines,Los Angeles,Minneapolis,LAX,MSP
Spirit Airlines,Los Angeles,Chicago,LAX,ORD
Spirit Airlines,Orlando,Detroit,MCO,DTW
Spirit Airlines,Orlando,Houston,MCO,IAH
Spirit Airlines,Orlando,Chicago,MCO,ORD
Spirit Airlines,Minneapolis,Baltimore,MSP,BWI
Spirit Airlines,Minneapolis,Denver,MSP,DEN
Spirit Airlines,Minneapolis,Houston,MSP,IAH
Spirit Airlines,Minneapolis,Los Angeles,MSP,LAX
Spirit Airlines,Minneapolis,Chicago,MSP,ORD
Spirit Airlines,Chicago,Boston,ORD,BOS
Spirit Airlines,Chicago,Denver,ORD,DEN
Spirit Airlines,Chicago,Houston,ORD,IAH
Spirit Airlines,Chicago,Los Angeles,ORD,LAX
Spirit Airlines,Chicago,Orlando,ORD,MCO
Spirit Airlines,Chicago,Minneapolis,ORD,MSP
Spirit Airlines,Chicago,Tampa,ORD,TPA
Spirit Airlines,Portland,San Diego,PDX,SAN
Spirit Airlines,Phoenix,Denver,PHX,DEN
Spirit Airlines,San Diego,Portland,SAN,PDX
Spirit Airlines,Tampa,Detroit,TPA,DTW
Spirit Airlines,Tampa,Chicago,TPA,ORD
Air New Zealand,Atlanta,San Francisco,ATL,SFO
Air New Zealand,San Francisco,Atlanta,SFO,ATL
Asiana Airlines,Atlanta,Chicago,ATL,ORD
Asiana Airlines,Chicago,Atlanta,ORD,ATL
Qantas Airways,Atlanta,Chicago,ATL,ORD
Qantas Airways,Chicago,Atlanta,ORD,ATL
Qatar Airways,Atlanta,Houston,ATL,IAH
Qatar Airways,Atlanta,Chicago,ATL,ORD
Qatar Airways,Chicago,Atlanta,ORD,ATL
Singapore Airlines,Los Angeles,Chicago,LAX,ORD
Sun Country Airlines,Boston,Minneapolis,BOS,MSP
Sun Country Airlines,Washington,Minneapolis,DCA,MSP
Sun Country Airlines,Los Angeles,Minneapolis,LAX,MSP
Sun Country Airlines,Orlando,Minneapolis,MCO,MSP
Sun Country Airlines,Chicago,Minneapolis,MDW,MSP
Sun Country Airlines,Minneapolis,Boston,MSP,BOS
Sun Country Airlines,Minneapolis,Washington,MSP,DCA
Sun Country Airlines,Minneapolis,Los Angeles,MSP,LAX
Sun Country Airlines,Minneapolis,Orlando,MSP,MCO
Sun Country Airlines,Minneapolis,Chicago,MSP,MDW
Sun Country Airlines,Minneapolis,Phoenix,MSP,PHX
Sun Country Airlines,Minneapolis,San Diego,MSP,SAN
Sun Country Airlines,Minneapolis,Seattle,MSP,SEA
Sun Country Airlines,Minneapolis,San Francisco,MSP,SFO
Sun Country Airlines,Phoenix,Minneapolis,PHX,MSP
Sun Country Airlines,San Diego,Minneapolis,SAN,MSP
Sun Country Airlines,Seattle,Minneapolis,SEA,MSP
Sun Country Airlines,San Francisco,Minneapolis,SFO,MSP
United Airlines,Atlanta,Denver,ATL,DEN
United Airlines,Atlanta,Washington,ATL,IAD
United Airlines,Atlanta,Houston,ATL,IAH
United Airlines,Atlanta,Chicago,ATL,ORD
United Airlines,Atlanta,San Francisco,ATL,SFO
United Airlines,Boston,Denver,BOS,DEN
United Airlines,Boston,Washington,BOS,IAD
United Airlines,Boston,Houston,BOS,IAH
United Airlines,Boston,Los Angeles,BOS,LAX
United Airlines,Boston,Chicago,BOS,ORD
United Airlines,Boston,San Francisco,BOS,SFO
United Airlines,Baltimore,Denver,BWI,DEN
United Airlines,Baltimore,Houston,BWI,IAH
United Airlines,Baltimore,Los Angeles,BWI,LAX
United Airlines,Baltimore,Chicago,BWI,ORD
United Airlines,Baltimore,San Francisco,BWI,SFO
United Airlines,Charlotte,Washington,CLT,IAD
United Airlines,Charlotte,Houston,CLT,IAH
United Airlines,Charlotte,Chicago,CLT,ORD
United Airlines,Dallas,Houston,DAL,IAH
United Airlines,Washington,Denver,DCA,DEN
United Airlines,Washington,Houston,DCA,IAH
United Airlines,Washington,Chicago,DCA,ORD
United Airlines,Washington,San Francisco,DCA,SFO
United Airlines,Denver,Atlanta,DEN,ATL
United Airlines,Denver,Boston,DEN,BOS
United Airlines,Denver,Baltimore,DEN,BWI
United Airlines,Denver,Washington,DEN,DCA
United Airlines,Denver,Detroit,DEN,DTW
United Airlines,Denver,Washington,DEN,IAD
United Airlines,Denver,Houston,DEN,IAH
United Airlines,Denver,Los Angeles,DEN,LAX
United Airlines,Denver,Orlando,DEN,MCO
United Airlines,Denver,Miami,DEN,MIA
United Airlines,Denver,Minneapolis,DEN,MSP
United Airlines,Denver,Chicago,DEN,ORD
United Airlines,Denver,Portland,DEN,PDX
United Airlines,Denver,Philadelphia,DEN,PHL
United Airlines,Denver,Phoenix,DEN,PHX
United Airlines,Denver,San Diego,DEN,SAN
United Airlines,Denver,San Antonio,DEN,SAT
United Airlines,Denver,Seattle,DEN,SEA
United Airlines,Denver,San Francisco,DEN,SFO
United Airlines,Denver,St. Louis,DEN,STL
United Airlines,Denver,Tampa,DEN,TPA
United Airlines,Detroit,Denver,DTW,DEN
United Airlines,Detroit,Washington,DTW,IAD
United Airlines,Detroit,Houston,DTW,IAH
United Airlines,Detroit,Chicago,DTW,ORD
United Airlines,Washington,Atlanta,IAD,ATL
United Airlines,Washington,Boston,IAD,BOS
United Airlines,Washington,Charlotte,IAD,CLT
United Airlines,Washington,Denver,IAD,DEN
United Airlines,Washington,Detroit,IAD,DTW
United Airlines,Washington,Houston,IAD,IAH
United Airlines,Washington,Los Angeles,IAD,LAX
United Airlines,Washington,Orlando,IAD,MCO
United Airlines,Washington,Miami,IAD,MIA
United Airlines,Washington,Minneapolis,IAD,MSP
United Airlines,Washington,Chicago,IAD,ORD
United Airlines,Washington,Portland,IAD,PDX
United Airlines,Washington,Philadelphia,IAD,PHL
United Airlines,Washington,Phoenix,IAD,PHX
United Airlines,Washington,Portland,IAD,PWM
United Airlines,Washington,San Diego,IAD,SAN
United Airlines,Washington,San Antonio,IAD,SAT
United Airlines,Washington,Seattle,IAD,SEA
United Airlines,Washington,San Francisco,IAD,SFO
United Airlines,Washington,St. Louis,IAD,STL
United Airlines,Washington,Tampa,IAD,TPA
United Airlines,Houston,Atlanta,IAH,ATL
United Airlines,Houston,Boston,IAH,BOS
United Airlines,Houston,Baltimore,IAH,BWI
United Airlines,Houston,Charlotte,IAH,CLT
United Airlines,Houston,Dallas,IAH,DAL
United Airlines,Houston,Washington,IAH,DCA
United Airlines,Houston,Denver,IAH,DEN
United Airlines,Houston,Detroit,IAH,DTW
United Airlines,Houston,Washington,IAH,IAD
United Airlines,Houston,Los Angeles,IAH,LAX
United Airlines,Houston,Orlando,IAH,MCO
United Airlines,Houston,Miami,IAH,MIA
United Airlines,Houston,Minneapolis,IAH,MSP
United Airlines,Houston,Chicago,IAH,ORD
United Airlines,Houston,Portland,IAH,PDX
United Airlines,Houston,Philadelphia,IAH,PHL
United Airlines,Houston,Phoenix,IAH,PHX
United Airlines,Houston,San Diego,IAH,SAN
United Airlines,Houston,San Antonio,IAH,SAT
United Airlines,Houston,Seattle,IAH,SEA
United Airlines,Houston,San Francisco,IAH,SFO
United Airlines,Houston,St. Louis,IAH,STL
United Airlines,Houston,Tampa,IAH,TPA
United Airlines,Los Angeles,Boston,LAX,BOS
United Airlines,Los Angeles,Baltimore,LAX,BWI
United Airlines,Los Angeles,Denver,LAX,DEN
United Airlines,Los Angeles,Washington,LAX,IAD
United Airlines,Los Angeles,Houston,LAX,IAH
United Airlines,Los Angeles,Orlando,LAX,MCO
United Airlines,Los Angeles,Minneapolis,LAX,MSP
United Airlines,Los Angeles,Chicago,LAX,ORD
United Airlines,Los Angeles,Portland,LAX,PDX
United Airlines,Los Angeles,Phoenix,LAX,PHX
United Airlines,Los Angeles,San Diego,LAX,SAN
United Airlines,Los Angeles,San Antonio,LAX,SAT
United Airlines,Los Angeles,Seattle,LAX,SEA
United Airlines,Los Angeles,San Francisco,LAX,SFO
United Airlines,Orlando,Denver,MCO,DEN
United Airlines,Orlando,Washington,MCO,IAD
United Airlines,Orlando,Houston,MCO,IAH
United Airlines,Orlando,Los Angeles,MCO,LAX
United Airlines,Orlando,Chicago,MCO,ORD
United Airlines,Orlando,San Francisco,MCO,SFO
United Airlines,Miami,Denver,MIA,DEN
United Airlines,Miami,Washington,MIA,IAD
United Airlines,Miami,Houston,MIA,IAH
United Airlines,Miami,Chicago,MIA,ORD
United Airlines,Minneapolis,Denver,MSP,DEN
United Airlines,Minneapolis,Washington,MSP,IAD
United Airlines,Minneapolis,Houston,MSP,IAH
United Airlines,Minneapolis,Los Angeles,MSP,LAX
United Airlines,Minneapolis,Chicago,MSP,ORD
United Airlines,Minneapolis,San Francisco,MSP,SFO
United Airlines,Chicago,Atlanta,ORD,ATL
United Airlines,Chicago,Boston,ORD,BOS
United Airlines,Chicago,Baltimore,ORD,BWI
United Airlines,Chicago,Charlotte,ORD,CLT
United Airlines,Chicago,Washington,ORD,DCA
United Airlines,Chicago,Denver,ORD,DEN
United Airlines,Chicago,Detroit,ORD,DTW
United Airlines,Chicago,Washington,ORD,IAD
United Airlines,Chicago,Houston,ORD,IAH
United Airlines,Chicago,Los Angeles,ORD,LAX
United Airlines,Chicago,Orlando,ORD,MCO
United Airlines,Chicago,Miami,ORD,MIA
United Airlines,Chicago,Minneapolis,ORD,MSP
United Airlines,Chicago,Portland,ORD,PDX
United Airlines,Chicago,Philadelphia,ORD,PHL
United Airlines,Chicago,Phoenix,ORD,PHX
United Airlines,Chicago,Portland,ORD,PWM
United Airlines,Chicago,San Diego,ORD,SAN
United Airlines,Chicago,San Antonio,ORD,SAT
United Airlines,Chicago,Seattle,ORD,SEA
United Airlines,Chicago,San Francisco,ORD,SFO
United Airlines,Chicago,St. Louis,ORD,STL
United Airlines,Chicago,Tampa,ORD,TPA
United Airlines,Portland,Denver,PDX,DEN
United Airlines,Portland,Washington,PDX,IAD
United Airlines,Portland,Houston,PDX,IAH
United Airlines,Portland,Los Angeles,PDX,LAX
United Airlines,Portland,Chicago,PDX,ORD
United Airlines,Portland,Seattle,PDX,SEA
United Airlines,Portland,San Francisco,PDX,SFO
United Airlines,Philadelphia,Denver,PHL,DEN
United Airlines,Philadelphia,Washington,PHL,IAD
United Airlines,Philadelphia,Houston,PHL,IAH
United Airlines,Philadelphia,Chicago,PHL,ORD
United Airlines,Philadelphia,San Francisco,PHL,SFO
United Airlines,Phoenix,Denver,PHX,DEN
United Airlines,Phoenix,Washington,PHX,IAD
United Airlines,Phoenix,Houston,PHX,IAH
United Airlines,Phoenix,Los Angeles,PHX,LAX
United Airlines,Phoenix,Chicago,PHX,ORD
United Airlines,Phoenix,San Francisco,PHX,SFO
United Airlines,San Diego,Denver,SAN,DEN
United Airlines,San Diego,Washington,SAN,IAD
United Airlines,San Diego,Houston,SAN,IAH
United Airlines,San Diego,Los Angeles,SAN,LAX
United Airlines,San Diego,Chicago,SAN,ORD
United Airlines,San Diego,San Francisco,SAN,SFO
United Airlines,San Antonio,Denver,SAT,DEN
United Airlines,San Antonio,Washington,SAT,IAD
United Airlines,San Antonio,Houston,SAT,IAH
United Airlines,San Antonio,Los Angeles,SAT,LAX
United Airlines,San Antonio,Chicago,SAT,ORD
United Airlines,San Antonio,San Francisco,SAT,SFO
United Airlines,Seattle,Denver,SEA,DEN
United Airlines,Seattle,Washington,SEA,IAD
United Airlines,Seattle,Houston,SEA,IAH
United Airlines,Seattle,Los Angeles,SEA,LAX
United Airlines,Seattle,Chicago,SEA,ORD
United Airlines,Seattle,Portland,SEA,PDX
United Airlines,Seattle,San Francisco,SEA,SFO
United Airlines,San Francisco,Atlanta,SFO,ATL
United Airlines,San Francisco,Boston,SFO,BOS
United Airlines,San Francisco,Baltimore,SFO,BWI
United Airlines,San Francisco,Washington,SFO,DCA
United Airlines,San Francisco,Denver,SFO,DEN
United Airlines,San Francisco,Washington,SFO,IAD
United Airlines,San Francisco,Houston,SFO,IAH
United Airlines,San Francisco,Los Angeles,SFO,LAX
United Airlines,San Francisco,Orlando,SFO,MCO
United Airlines,San Francisco,Minneapolis,SFO,MSP
United Airlines,San Francisco,Chicago,SFO,ORD
United Airlines,San Francisco,Portland,SFO,PDX
United Airlines,San Francisco,Philadelphia,SFO,PHL
United Airlines,San Francisco,Phoenix,SFO,PHX
United Airlines,San Francisco,San Diego,SFO,SAN
United Airlines,San Francisco,San Antonio,SFO,SAT
United Airlines,San Francisco,Seattle,SFO,SEA
United Airlines,San Francisco,St. Louis,SFO,STL
United Airlines,St. Louis,Denver,STL,DEN
United Airlines,St. Louis,Washington,STL,IAD
United Airlines,St. Louis,Houston,STL,IAH
United Airlines,St. Louis,Chicago,STL,ORD
United Airlines,St. Louis,San Francisco,STL,SFO
United Airlines,Tampa,Denver,TPA,DEN
United Airlines,Tampa,Washington,TPA,IAD
United Airlines,Tampa,Houston,TPA,IAH
United Airlines,Tampa,Chicago,TPA,ORD
US Airways,Atlanta,Charlotte,ATL,CLT
US Airways,Atlanta,Miami,ATL,MIA
US Airways,Atlanta,Chicago,ATL,ORD
US Airways,Atlanta,Philadelphia,ATL,PHL
US Airways,Atlanta,Phoenix,ATL,PHX
US Airways,Boston,Charlotte,BOS,CLT
US Airways,Boston,Washington,BOS,DCA
US Airways,Boston,Los Angeles,BOS,LAX
US Airways,Boston,Miami,BOS,MIA
US Airways,Boston,Chicago,BOS,ORD
US Airways,Boston,Philadelphia,BOS,PHL
US Airways,Boston,Phoenix,BOS,PHX
US Airways,Baltimore,Charlotte,BWI,CLT
US Airways,Baltimore,Miami,BWI,MIA
US Airways,Baltimore,Chicago,BWI,ORD
US Airways,Baltimore,Philadelphia,BWI,PHL
US Airways,Baltimore,Phoenix,BWI,PHX
US Airways,Charlotte,Atlanta,CLT,ATL
US Airways,Charlotte,Boston,CLT,BOS
US Airways,Charlotte,Baltimore,CLT,BWI
US Airways,Charlotte,Washington,CLT,DCA
US Airways,Charlotte,Denver,CLT,DEN
US Airways,Charlotte,Detroit,CLT,DTW
US Airways,Charlotte,Washington,CLT,IAD
US Airways,Charlotte,Houston,CLT,IAH
US Airways,Charlotte,Los Angeles,CLT,LAX
US Airways,Charlotte,Orlando,CLT,MCO
US Airways,Charlotte,Miami,CLT,MIA
US Airways,Charlotte,Minneapolis,CLT,MSP
US Airways,Charlotte,Chicago,CLT,ORD
US Airways,Charlotte,Portland,CLT,PDX
US Airways,Charlotte,Philadelphia,CLT,PHL
US Airways,Charlotte,Phoenix,CLT,PHX
US Airways,Charlotte,Portland,CLT,PWM
US Airways,Charlotte,San Diego,CLT,SAN
US Airways,Charlotte,San Antonio,CLT,SAT
US Airways,Charlotte,Seattle,CLT,SEA
US Airways,Charlotte,San Francisco,CLT,SFO
US Airways,Charlotte,St. Louis,CLT,STL
US Airways,Charlotte,Tampa,CLT,TPA
US Airways,Washington,Boston,DCA,BOS
US Airways,Washington,Charlotte,DCA,CLT
US Airways,Washington,Detroit,DCA,DTW
US Airways,Washington,Los Angeles,DCA,LAX
US Airways,Washington,Orlando,DCA,MCO
US Airways,Washington,Miami,DCA,MIA
US Airways,Washington,Minneapolis,DCA,MSP
US Airways,Washington,Chicago,DCA,ORD
US Airways,Washington,Philadelphia,DCA,PHL
US Airways,Washington,Phoenix,DCA,PHX
US Airways,Washington,Portland,DCA,PWM
US Airways,Washington,San Diego,DCA,SAN
US Airways,Washington,St. Louis,DCA,STL
US Airways,Washington,Tampa,DCA,TPA
US Airways,Denver,Charlotte,DEN,CLT
US Airways,Denver,Los Angeles,DEN,LAX
US Airways,Denver,Miami,DEN,MIA
US Airways,Denver,Chicago,DEN,ORD
US Airways,Denver,Philadelphia,DEN,PHL
US Airways,Denver,Phoenix,DEN,PHX
US Airways,Detroit,Charlotte,DTW,CLT
US Airways,Detroit,Washington,DTW,DCA
US Airways,Detroit,Miami,DTW,MIA
US Airways,Detroit,Chicago,DTW,ORD
US Airways,Detroit,Philadelphia,DTW,PHL
US Airways,Detroit,Phoenix,DTW,PHX
US Airways,Washington,Charlotte,IAD,CLT
US Airways,Washington,Los Angeles,IAD,LAX
US Airways,Washington,Miami,IAD,MIA
US Airways,Houston,Charlotte,IAH,CLT
US Airways,Houston,Los Angeles,IAH,LAX
US Airways,Houston,Miami,IAH,MIA
US Airways,Houston,Chicago,IAH,ORD
US Airways,Houston,Philadelphia,IAH,PHL
US Airways,Houston,Phoenix,IAH,PHX
US Airways,Los Angeles,Boston,LAX,BOS
US Airways,Los Angeles,Charlotte,LAX,CLT
US Airways,Los Angeles,Washington,LAX,DCA
US Airways,Los Angeles,Denver,LAX,DEN
US Airways,Los Angeles,Washington,LAX,IAD
US Airways,Los Angeles,Houston,LAX,IAH
US Airways,Los Angeles,Orlando,LAX,MCO
US Airways,Los Angeles,Miami,LAX,MIA
US Airways,Los Angeles,Chicago,LAX,ORD
US Airways,Los Angeles,Philadelphia,LAX,PHL
US Airways,Los Angeles,Phoenix,LAX,PHX
US Airways,Los Angeles,San Diego,LAX,SAN
US Airways,Los Angeles,San Francisco,LAX,SFO
US Airways,Los Angeles,St. Louis,LAX,STL
US Airways,Orlando,Charlotte,MCO,CLT
US Airways,Orlando,Washington,MCO,DCA
US Airways,Orlando,Los Angeles,MCO,LAX
US Airways,Orlando,Miami,MCO,MIA
US Airways,Orlando,Chicago,MCO,ORD
US Airways,Orlando,Philadelphia,MCO,PHL
US Airways,Orlando,Phoenix,MCO,PHX
US Airways,Miami,Atlanta,MIA,ATL
US Airways,Miami,Boston,MIA,BOS
US Airways,Miami,Baltimore,MIA,BWI
US Airways,Miami,Charlotte,MIA,CLT
US Airways,Miami,Washington,MIA,DCA
US Airways,Miami,Denver,MIA,DEN
US Airways,Miami,Detroit,MIA,DTW
US Airways,Miami,Washington,MIA,IAD
US Airways,Miami,Houston,MIA,IAH
US Airways,Miami,Los Angeles,MIA,LAX
US Airways,Miami,Orlando,MIA,MCO
US Airways,Miami,Minneapolis,MIA,MSP
US Airways,Miami,Chicago,MIA,ORD
US Airways,Miami,Philadelphia,MIA,PHL
US Airways,Miami,Phoenix,MIA,PHX
US Airways,Miami,San Diego,MIA,SAN
US Airways,Miami,Seattle,MIA,SEA
US Airways,Miami,San Francisco,MIA,SFO
US Airways,Miami,St. Louis,MIA,STL
US Airways,Miami,Tampa,MIA,TPA
US Airways,Minneapolis,Charlotte,MSP,CLT
US Airways,Minneapolis,Washington,MSP,DCA
US Airways,Minneapolis,Miami,MSP,MIA
US Airways,Minneapolis,Chicago,MSP,ORD
US Airways,Minneapolis,Philadelphia,MSP,PHL
US Airways,Minneapolis,Phoenix,MSP,PHX
US Airways,Chicago,Atlanta,ORD,ATL
US Airways,Chicago,Boston,ORD,BOS
US Airways,Chicago,Baltimore,ORD,BWI
US Airways,Chicago,Charlotte,ORD,CLT
US Airways,Chicago,Washington,ORD,DCA
US Airways,Chicago,Denver,ORD,DEN
US Airways,Chicago,Detroit,ORD,DTW
US Airways,Chicago,Houston,ORD,IAH
US Airways,Chicago,Los Angeles,ORD,LAX
US Airways,Chicago,Orlando,ORD,MCO
US Airways,Chicago,Miami,ORD,MIA
US Airways,Chicago,Minneapolis,ORD,MSP
US Airways,Chicago,Portland,ORD,PDX
US Airways,Chicago,Philadelphia,ORD,PHL
US Airways,Chicago,Phoenix,ORD,PHX
US Airways,Chicago,San Diego,ORD,SAN
US Airways,Chicago,San Antonio,ORD,SAT
US Airways,Chicago,Seattle,ORD,SEA
US Airways,Chicago,San Francisco,ORD,SFO
US Airways,Chicago,St. Louis,ORD,STL
US Airways,Chicago,Tampa,ORD,TPA
US Airways,Portland,Charlotte,PDX,CLT
US Airways,Portland,Chicago,PDX,ORD
US Airways,Portland,Philadelphia,PDX,PHL
US Airways,Portland,Phoenix,PDX,PHX
US Airways,Philadelphia,Atlanta,PHL,ATL
US Airways,Philadelphia,Boston,PHL,BOS
US Airways,Philadelphia,Baltimore,PHL,BWI
US Airways,Philadelphia,Charlotte,PHL,CLT
US Airways,Philadelphia,Washington,PHL,DCA
US Airways,Philadelphia,Denver,PHL,DEN
US Airways,Philadelphia,Detroit,PHL,DTW
US Airways,Philadelphia,Houston,PHL,IAH
US Airways,Philadelphia,Los Angeles,PHL,LAX
US Airways,Philadelphia,Orlando,PHL,MCO
US Airways,Philadelphia,Miami,PHL,MIA
US Airways,Philadelphia,Minneapolis,PHL,MSP
US Airways,Philadelphia,Chicago,PHL,ORD
US Airways,Philadelphia,Portland,PHL,PDX
US Airways,Philadelphia,Phoenix,PHL,PHX
US Airways,Philadelphia,Portland,PHL,PWM
US Airways,Philadelphia,San Diego,PHL,SAN
US Airways,Philadelphia,San Antonio,PHL,SAT
US Airways,Philadelphia,Seattle,PHL,SEA
US Airways,Philadelphia,San Francisco,PHL,SFO
US Airways,Philadelphia,St. Louis,PHL,STL
US Airways,Philadelphia,Tampa,PHL,TPA
US Airways,Phoenix,Atlanta,PHX,ATL
US Airways,Phoenix,Boston,PHX,BOS
US Airways,Phoenix,Baltimore,PHX,BWI
US Airways,Phoenix,Charlotte,PHX,CLT
US Airways,Phoenix,Washington,PHX,DCA
US Airways,Phoenix,Denver,PHX,DEN
US Airways,Phoenix,Detroit,PHX,DTW
US Airways,Phoenix,Houston,PHX,IAH
US Airways,Phoenix,Los Angeles,PHX,LAX
US Airways,Phoenix,Orlando,PHX,MCO
US Airways,Phoenix,Miami,PHX,MIA
US Airways,Phoenix,Minneapolis,PHX,MSP
US Airways,Phoenix,Chicago,PHX,ORD
US Airways,Phoenix,Portland,PHX,PDX
US Airways,Phoenix,Philadelphia,PHX,PHL
US Airways,Phoenix,San Diego,PHX,SAN
US Airways,Phoenix,San Antonio,PHX,SAT
US Airways,Phoenix,Seattle,PHX,SEA
US Airways,Phoenix,San Francisco,PHX,SFO
US Airways,Phoenix,St. Louis,PHX,STL
US Airways,Phoenix,Tampa,PHX,TPA
US Airways,San Diego,Charlotte,SAN,CLT
US Airways,San Diego,Washington,SAN,DCA
US Airways,San Diego,Los Angeles,SAN,LAX
US Airways,San Diego,Miami,SAN,MIA
US Airways,San Diego,Chicago,SAN,ORD
US Airways,San Diego,Philadelphia,SAN,PHL
US Airways,San Diego,Phoenix,SAN,PHX
US Airways,San Antonio,Charlotte,SAT,CLT
US Airways,San Antonio,Chicago,SAT,ORD
US Airways,San Antonio,Philadelphia,SAT,PHL
US Airways,San Antonio,Phoenix,SAT,PHX
US Airways,Seattle,Charlotte,SEA,CLT
US Airways,Seattle,Miami,SEA,MIA
US Airways,Seattle,Chicago,SEA,ORD
US Airways,Seattle,Philadelphia,SEA,PHL
US Airways,Seattle,Phoenix,SEA,PHX
US Airways,San Francisco,Charlotte,SFO,CLT
US Airways,San Francisco,Los Angeles,SFO,LAX
US Airways,San Francisco,Miami,SFO,MIA
US Airways,San Francisco,Chicago,SFO,ORD
US Airways,San Francisco,Philadelphia,SFO,PHL
US Airways,San Francisco,Phoenix,SFO,PHX
US Airways,St. Louis,Charlotte,STL,CLT
US Airways,St. Louis,Washington,STL,DCA
US Airways,St. Louis,Los Angeles,STL,LAX
US Airways,St. Louis,Miami,STL,MIA
US Airways,St. Louis,Chicago,STL,ORD
US Airways,St. Louis,Philadelphia,STL,PHL
US Airways,St. Louis,Phoenix,STL,PHX
US Airways,Tampa,Charlotte,TPA,CLT
US Airways,Tampa,Washington,TPA,DCA
US Airways,Tampa,Miami,TPA,MIA
US Airways,Tampa,Chicago,TPA,ORD
US Airways,Tampa,Philadelphia,TPA,PHL
US Airways,Tampa,Phoenix,TPA,PHX
Virgin Australia Airlines,Atlanta,Houston,ATL,IAH
Virgin Australia Airlines,Atlanta,Los Angeles,ATL,LAX
Virgin Australia Airlines,Atlanta,Miami,ATL,MIA
Virgin Australia Airlines,Houston,Atlanta,IAH,ATL
Virgin Australia Airlines,Los Angeles,Atlanta,LAX,ATL
Virgin Australia Airlines,Miami,Atlanta,MIA,ATL
Virgin Atlantic,Atlanta,Boston,ATL,BOS
Virgin Atlantic,Atlanta,Charlotte,ATL,CLT
Virgin Atlantic,Atlanta,Dallas,ATL,DAL
Virgin Atlantic,Atlanta,Denver,ATL,DEN
Virgin Atlantic,Atlanta,Detroit,ATL,DTW
Virgin Atlantic,Atlanta,Houston,ATL,HOU
Virgin Atlantic,Atlanta,Washington,ATL,IAD
Virgin Atlantic,Atlanta,Houston,ATL,IAH
Virgin Atlantic,Atlanta,Los Angeles,ATL,LAX
Virgin Atlantic,Atlanta,Orlando,ATL,MCO
Virgin Atlantic,Atlanta,Miami,ATL,MIA
Virgin Atlantic,Atlanta,Chicago,ATL,ORD
Virgin Atlantic,Atlanta,Phoenix,ATL,PHX
Virgin Atlantic,Atlanta,San Diego,ATL,SAN
Virgin Atlantic,Atlanta,San Antonio,ATL,SAT
Virgin Atlantic,Atlanta,San Francisco,ATL,SFO
Virgin Atlantic,Atlanta,St. Louis,ATL,STL
Virgin Atlantic,Atlanta,Tampa,ATL,TPA
Virgin Atlantic,Boston,Atlanta,BOS,ATL
Virgin Atlantic,Charlotte,Atlanta,CLT,ATL
Virgin Atlantic,Dallas,Atlanta,DAL,ATL
Virgin Atlantic,Denver,Atlanta,DEN,ATL
Virgin Atlantic,Detroit,Atlanta,DTW,ATL
Virgin Atlantic,Houston,Atlanta,HOU,ATL
Virgin Atlantic,Washington,Atlanta,IAD,ATL
Virgin Atlantic,Houston,Atlanta,IAH,ATL
Virgin Atlantic,Los Angeles,Atlanta,LAX,ATL
Virgin Atlantic,Orlando,Atlanta,MCO,ATL
Virgin Atlantic,Miami,Atlanta,MIA,ATL
Virgin Atlantic,Chicago,Atlanta,ORD,ATL
Virgin Atlantic,Phoenix,Atlanta,PHX,ATL
Virgin Atlantic,San Diego,Atlanta,SAN,ATL
Virgin Atlantic,San Antonio,Atlanta,SAT,ATL
Virgin Atlantic,San Francisco,Atlanta,SFO,ATL
Virgin Atlantic,St. Louis,Atlanta,STL,ATL
Virgin Atlantic,Tampa,Atlanta,TPA,ATL
Virgin America,Boston,Los Angeles,BOS,LAX
Virgin America,Boston,San Francisco,BOS,SFO
Virgin America,Washington,San Francisco,DCA,SFO
Virgin America,Washington,Los Angeles,IAD,LAX
Virgin America,Washington,San Francisco,IAD,SFO
Virgin America,Los Angeles,Boston,LAX,BOS
Virgin America,Los Angeles,Washington,LAX,IAD
Virgin America,Los Angeles,Orlando,LAX,MCO
Virgin America,Los Angeles,Chicago,LAX,ORD
Virgin America,Los Angeles,Philadelphia,LAX,PHL
Virgin America,Los Angeles,Seattle,LAX,SEA
Virgin America,Los Angeles,San Francisco,LAX,SFO
Virgin America,Orlando,Los Angeles,MCO,LAX
Virgin America,Orlando,San Francisco,MCO,SFO
Virgin America,Chicago,Los Angeles,ORD,LAX
Virgin America,Chicago,San Francisco,ORD,SFO
Virgin America,Portland,San Francisco,PDX,SFO
Virgin America,Philadelphia,Los Angeles,PHL,LAX
Virgin America,Philadelphia,San Francisco,PHL,SFO
Virgin America,San Diego,San Francisco,SAN,SFO
Virgin America,Seattle,Los Angeles,SEA,LAX
Virgin America,Seattle,San Francisco,SEA,SFO
Virgin America,San Francisco,Boston,SFO,BOS
Virgin America,San Francisco,Washington,SFO,DCA
Virgin America,San Francisco,Washington,SFO,IAD
Virgin America,San Francisco,Los Angeles,SFO,LAX
Virgin America,San Francisco,Orlando,SFO,MCO
Virgin America,San Francisco,Chicago,SFO,ORD
Virgin America,San Francisco,Portland,SFO,PDX
Virgin America,San Francisco,Philadelphia,SFO,PHL
Virgin America,San Francisco,San Diego,SFO,SAN
Virgin America,San Francisco,Seattle,SFO,SEA
Southwest Airlines,Atlanta,Boston,ATL,BOS
Southwest Airlines,Atlanta,Baltimore,ATL,BWI
Southwest Airlines,Atlanta,Washington,ATL,DCA
Southwest Airlines,Atlanta,Denver,ATL,DEN
Southwest Airlines,Atlanta,Detroit,ATL,DTW
Southwest Airlines,Atlanta,Houston,ATL,HOU
Southwest Airlines,Atlanta,Los Angeles,ATL,LAX
Southwest Airlines,Atlanta,Orlando,ATL,MCO
Southwest Airlines,Atlanta,Chicago,ATL,MDW
Southwest Airlines,Atlanta,Minneapolis,ATL,MSP
Southwest Airlines,Atlanta,Philadelphia,ATL,PHL
Southwest Airlines,Atlanta,Phoenix,ATL,PHX
Southwest Airlines,Atlanta,San Diego,ATL,SAN
Southwest Airlines,Atlanta,San Antonio,ATL,SAT
Southwest Airlines,Atlanta,San Francisco,ATL,SFO
Southwest Airlines,Atlanta,St. Louis,ATL,STL
Southwest Airlines,Atlanta,Tampa,ATL,TPA
Southwest Airlines,Boston,Atlanta,BOS,ATL
Southwest Airlines,Boston,Baltimore,BOS,BWI
Southwest Airlines,Boston,Denver,BOS,DEN
Southwest Airlines,Boston,Houston,BOS,HOU
Southwest Airlines,Boston,Chicago,BOS,MDW
Southwest Airlines,Boston,St. Louis,BOS,STL
Southwest Airlines,Baltimore,Atlanta,BWI,ATL
Southwest Airlines,Baltimore,Boston,BWI,BOS
Southwest Airlines,Baltimore,Charlotte,BWI,CLT
Southwest Airlines,Baltimore,Denver,BWI,DEN
Southwest Airlines,Baltimore,Detroit,BWI,DTW
Southwest Airlines,Baltimore,Houston,BWI,HOU
Southwest Airlines,Baltimore,Los Angeles,BWI,LAX
Southwest Airlines,Baltimore,Orlando,BWI,MCO
Southwest Airlines,Baltimore,Chicago,BWI,MDW
Southwest Airlines,Baltimore,Phoenix,BWI,PHX
Southwest Airlines,Baltimore,Portland,BWI,PWM
Southwest Airlines,Baltimore,San Diego,BWI,SAN
Southwest Airlines,Baltimore,San Antonio,BWI,SAT
Southwest Airlines,Baltimore,Seattle,BWI,SEA
Southwest Airlines,Baltimore,St. Louis,BWI,STL
Southwest Airlines,Baltimore,Tampa,BWI,TPA
Southwest Airlines,Charlotte,Baltimore,CLT,BWI
Southwest Airlines,Charlotte,Houston,CLT,HOU
Southwest Airlines,Charlotte,Orlando,CLT,MCO
Southwest Airlines,Charlotte,Chicago,CLT,MDW
Southwest Airlines,Dallas,Houston,DAL,HOU
Southwest Airlines,Dallas,San Antonio,DAL,SAT
Southwest Airlines,Dallas,St. Louis,DAL,STL
Southwest Airlines,Washington,Atlanta,DCA,ATL
Southwest Airlines,Washington,Houston,DCA,HOU
Southwest Airlines,Washington,St. Louis,DCA,STL
Southwest Airlines,Denver,Atlanta,DEN,ATL
Southwest Airlines,Denver,Boston,DEN,BOS
Southwest Airlines,Denver,Baltimore,DEN,BWI
Southwest Airlines,Denver,Detroit,DEN,DTW
Southwest Airlines,Denver,Houston,DEN,HOU
Southwest Airlines,Denver,Washington,DEN,IAD
Southwest Airlines,Denver,Los Angeles,DEN,LAX
Southwest Airlines,Denver,Orlando,DEN,MCO
Southwest Airlines,Denver,Chicago,DEN,MDW
Southwest Airlines,Denver,Minneapolis,DEN,MSP
Southwest Airlines,Denver,Portland,DEN,PDX
Southwest Airlines,Denver,Philadelphia,DEN,PHL
Southwest Airlines,Denver,Phoenix,DEN,PHX
Southwest Airlines,Denver,San Diego,DEN,SAN
Southwest Airlines,Denver,San Antonio,DEN,SAT
Southwest Airlines,Denver,Seattle,DEN,SEA
Southwest Airlines,Denver,San Francisco,DEN,SFO
Southwest Airlines,Denver,St. Louis,DEN,STL
Southwest Airlines,Denver,Tampa,DEN,TPA
Southwest Airlines,Detroit,Atlanta,DTW,ATL
Southwest Airlines,Detroit,Baltimore,DTW,BWI
Southwest Airlines,Detroit,Denver,DTW,DEN
Southwest Airlines,Detroit,Chicago,DTW,MDW
Southwest Airlines,Detroit,Phoenix,DTW,PHX
Southwest Airlines,Detroit,St. Louis,DTW,STL
Southwest Airlines,Houston,Atlanta,HOU,ATL
Southwest Airlines,Houston,Boston,HOU,BOS
Southwest Airlines,Houston,Baltimore,HOU,BWI
Southwest Airlines,Houston,Charlotte,HOU,CLT
Southwest Airlines,Houston,Dallas,HOU,DAL
Southwest Airlines,Houston,Washington,HOU,DCA
Southwest Airlines,Houston,Denver,HOU,DEN
Southwest Airlines,Houston,Los Angeles,HOU,LAX
Southwest Airlines,Houston,Orlando,HOU,MCO
Southwest Airlines,Houston,Chicago,HOU,MDW
Southwest Airlines,Houston,Phoenix,HOU,PHX
Southwest Airlines,Houston,San Diego,HOU,SAN
Southwest Airlines,Houston,San Antonio,HOU,SAT
Southwest Airlines,Houston,St. Louis,HOU,STL
Southwest Airlines,Houston,Tampa,HOU,TPA
Southwest Airlines,Washington,Denver,IAD,DEN
Southwest Airlines,Washington,Chicago,IAD,MDW
Southwest Airlines,Los Angeles,Atlanta,LAX,ATL
Southwest Airlines,Los Angeles,Baltimore,LAX,BWI
Southwest Airlines,Los Angeles,Denver,LAX,DEN
Southwest Airlines,Los Angeles,Houston,LAX,HOU
Southwest Airlines,Los Angeles,Chicago,LAX,MDW
Southwest Airlines,Los Angeles,Phoenix,LAX,PHX
Southwest Airlines,Los Angeles,San Antonio,LAX,SAT
Southwest Airlines,Los Angeles,San Francisco,LAX,SFO
Southwest Airlines,Los Angeles,St. Louis,LAX,STL
Southwest Airlines,Orlando,Atlanta,MCO,ATL
Southwest Airlines,Orlando,Baltimore,MCO,BWI
Southwest Airlines,Orlando,Charlotte,MCO,CLT
Southwest Airlines,Orlando,Denver,MCO,DEN
Southwest Airlines,Orlando,Houston,MCO,HOU
Southwest Airlines,Orlando,Chicago,MCO,MDW
Southwest Airlines,Orlando,Minneapolis,MCO,MSP
Southwest Airlines,Orlando,Philadelphia,MCO,PHL
Southwest Airlines,Orlando,Phoenix,MCO,PHX
Southwest Airlines,Orlando,San Antonio,MCO,SAT
Southwest Airlines,Orlando,St. Louis,MCO,STL
Southwest Airlines,Chicago,Atlanta,MDW,ATL
Southwest Airlines,Chicago,Boston,MDW,BOS
Southwest Airlines,Chicago,Baltimore,MDW,BWI
Southwest Airlines,Chicago,Charlotte,MDW,CLT
Southwest Airlines,Chicago,Denver,MDW,DEN
Southwest Airlines,Chicago,Detroit,MDW,DTW
Southwest Airlines,Chicago,Houston,MDW,HOU
Southwest Airlines,Chicago,Washington,MDW,IAD
Southwest Airlines,Chicago,Los Angeles,MDW,LAX
Southwest Airlines,Chicago,Orlando,MDW,MCO
Southwest Airlines,Chicago,Minneapolis,MDW,MSP
Southwest Airlines,Chicago,Portland,MDW,PDX
Southwest Airlines,Chicago,Philadelphia,MDW,PHL
Southwest Airlines,Chicago,Phoenix,MDW,PHX
Southwest Airlines,Chicago,San Diego,MDW,SAN
Southwest Airlines,Chicago,San Antonio,MDW,SAT
Southwest Airlines,Chicago,Seattle,MDW,SEA
Southwest Airlines,Chicago,San Francisco,MDW,SFO
Southwest Airlines,Chicago,St. Louis,MDW,STL
Southwest Airlines,Chicago,Tampa,MDW,TPA
Southwest Airlines,Minneapolis,Atlanta,MSP,ATL
Southwest Airlines,Minneapolis,Denver,MSP,DEN
Southwest Airlines,Minneapolis,Orlando,MSP,MCO
Southwest Airlines,Minneapolis,Chicago,MSP,MDW
Southwest Airlines,Minneapolis,Phoenix,MSP,PHX
Southwest Airlines,Minneapolis,St. Louis,MSP,STL
Southwest Airlines,Portland,Denver,PDX,DEN
Southwest Airlines,Portland,Chicago,PDX,MDW
Southwest Airlines,Portland,Phoenix,PDX,PHX
Southwest Airlines,Philadelphia,Atlanta,PHL,ATL
Southwest Airlines,Philadelphia,Denver,PHL,DEN
Southwest Airlines,Philadelphia,Orlando,PHL,MCO
Southwest Airlines,Philadelphia,Chicago,PHL,MDW
Southwest Airlines,Philadelphia,Phoenix,PHL,PHX
Southwest Airlines,Philadelphia,St. Louis,PHL,STL
Southwest Airlines,Philadelphia,Tampa,PHL,TPA
Southwest Airlines,Phoenix,Atlanta,PHX,ATL
Southwest Airlines,Phoenix,Baltimore,PHX,BWI
Southwest Airlines,Phoenix,Denver,PHX,DEN
Southwest Airlines,Phoenix,Detroit,PHX,DTW
Southwest Airlines,Phoenix,Houston,PHX,HOU
Southwest Airlines,Phoenix,Los Angeles,PHX,LAX
Southwest Airlines,Phoenix,Orlando,PHX,MCO
Southwest Airlines,Phoenix,Chicago,PHX,MDW
Southwest Airlines,Phoenix,Minneapolis,PHX,MSP
Southwest Airlines,Phoenix,Portland,PHX,PDX
Southwest Airlines,Phoenix,Philadelphia,PHX,PHL
Southwest Airlines,Phoenix,San Diego,PHX,SAN
Southwest Airlines,Phoenix,San Antonio,PHX,SAT
Southwest Airlines,Phoenix,Seattle,PHX,SEA
Southwest Airlines,Phoenix,San Francisco,PHX,SFO
Southwest Airlines,Phoenix,St. Louis,PHX,STL
Southwest Airlines,Phoenix,Tampa,PHX,TPA
Southwest Airlines,San Diego,Atlanta,SAN,ATL
Southwest Airlines,San Diego,Baltimore,SAN,BWI
Southwest Airlines,San Diego,Denver,SAN,DEN
Southwest Airlines,San Diego,Houston,SAN,HOU
Southwest Airlines,San Diego,Chicago,SAN,MDW
Southwest Airlines,San Diego,Phoenix,SAN,PHX
Southwest Airlines,San Diego,San Antonio,SAN,SAT
Southwest Airlines,San Diego,San Francisco,SAN,SFO
Southwest Airlines,San Diego,St. Louis,SAN,STL
Southwest Airlines,San Antonio,Atlanta,SAT,ATL
Southwest Airlines,San Antonio,Baltimore,SAT,BWI
Southwest Airlines,San Antonio,Dallas,SAT,DAL
Southwest Airlines,San Antonio,Denver,SAT,DEN
Southwest Airlines,San Antonio,Houston,SAT,HOU
Southwest Airlines,San Antonio,Los Angeles,SAT,LAX
Southwest Airlines,San Antonio,Orlando,SAT,MCO
Southwest Airlines,San Antonio,Chicago,SAT,MDW
Southwest Airlines,San Antonio,Phoenix,SAT,PHX
Southwest Airlines,San Antonio,San Diego,SAT,SAN
Southwest Airlines,San Antonio,St. Louis,SAT,STL
Southwest Airlines,San Antonio,Tampa,SAT,TPA
Southwest Airlines,Seattle,Baltimore,SEA,BWI
Southwest Airlines,Seattle,Denver,SEA,DEN
Southwest Airlines,Seattle,Chicago,SEA,MDW
Southwest Airlines,Seattle,Phoenix,SEA,PHX
Southwest Airlines,San Francisco,Atlanta,SFO,ATL
Southwest Airlines,San Francisco,Denver,SFO,DEN
Southwest Airlines,San Francisco,Los Angeles,SFO,LAX
Southwest Airlines,San Francisco,Chicago,SFO,MDW
Southwest Airlines,San Francisco,Phoenix,SFO,PHX
Southwest Airlines,San Francisco,San Diego,SFO,SAN
Southwest Airlines,St. Louis,Atlanta,STL,ATL
Southwest Airlines,St. Louis,Boston,STL,BOS
Southwest Airlines,St. Louis,Baltimore,STL,BWI
Southwest Airlines,St. Louis,Dallas,STL,DAL
Southwest Airlines,St. Louis,Washington,STL,DCA
Southwest Airlines,St. Louis,Denver,STL,DEN
Southwest Airlines,St. Louis,Detroit,STL,DTW
Southwest Airlines,St. Louis,Houston,STL,HOU
Southwest Airlines,St. Louis,Los Angeles,STL,LAX
Southwest Airlines,St. Louis,Orlando,STL,MCO
Southwest Airlines,St. Louis,Chicago,STL,MDW
Southwest Airlines,St. Louis,Minneapolis,STL,MSP
Southwest Airlines,St. Louis,Philadelphia,STL,PHL
Southwest Airlines,St. Louis,Phoenix,STL,PHX
Southwest Airlines,St. Louis,San Diego,STL,SAN
Southwest Airlines,St. Louis,San Antonio,STL,SAT
Southwest Airlines,St. Louis,Tampa,STL,TPA
Southwest Airlines,Tampa,Atlanta,TPA,ATL
Southwest Airlines,Tampa,Baltimore,TPA,BWI
Southwest Airlines,Tampa,Denver,TPA,DEN
Southwest Airlines,Tampa,Houston,TPA,HOU
Southwest Airlines,Tampa,Chicago,TPA,MDW
Southwest Airlines,Tampa,Philadelphia,TPA,PHL
Southwest Airlines,Tampa,Phoenix,TPA,PHX
Southwest Airlines,Tampa,San Antonio,TPA,SAT
Southwest Airlines,Tampa,St. Louis,TPA,STL
